instrument_token,tradingsymbol,market_cap_crores,company_name,isin,tick_size,lot_size
738561,RELIANCE,1724037.01,Reliance Industries Limited,INE002A01018,0.1,1
2714625,BHARTIARTL,1147289.22,Bharti Airtel Limited,INE397D01024,0.1,1
779521,SBIN,932015.47,State Bank of India,INE062A01020,0.1,1
2953217,TCS,797462.71,Tata Consultancy Services Limited,INE467B01029,0.1,1
81153,BAJFINANCE,649152.28,Bajaj Finance Limited,INE296A01032,0.1,1
2939649,LT,544155.04,Larsen & Toubro Limited,INE018A01030,0.1,1
857857,SUNPHARMA,446516.24,Sun Pharmaceutical Industries Limited,INE044A01036,0.1,1
6401,ADANIENT,416567.51,Adani Enterprises Limited,INE423A01024,0.1,1
492033,KOTAKBANK,414369.6,Kotak Mahindra Bank Limited,INE237A01036,0.05,1
4451329,ADANIPOWER,411728.23,Adani Power Limited,INE814H01029,0.01,1
3861249,ADANIPORTS,407339.97,Adani Ports and Special Economic Zone Limited,INE742F01042,0.1,1
2815745,MARUTI,395832.84,Maruti Suzuki India Limited,INE585B01010,1.0,1
1510401,AXISBANK,387932.9,Axis Bank Limited,INE238A01034,0.1,1
519937,M&M,375094.12,Mahindra & Mahindra Limited,INE101A01026,0.1,1
2977281,NTPC,324838.32,NTPC Limited,INE733E01010,0.05,1
4267265,BAJAJ-AUTO,323389.16,Bajaj Auto Limited,INE917I01010,1.0,1
4268801,BAJAJFINSV,310527.49,Bajaj Finserv Limited,INE918I01026,0.1,1
633601,ONGC,298492.29,Oil & Natural Gas Corporation Limited,INE213A01029,0.01,1
1304833,ETERNAL,296505.72,ETERNAL LIMITED,INE758T01015,0.05,1
98049,BEL,296046.04,Bharat Electronics Limited,INE263A01024,0.05,1
4598529,NESTLEIND,267302.92,Nestle India Limited,INE239A01024,0.1,1
5215745,COALINDIA,266229.86,Coal India Limited,INE522F01014,0.05,1
2426881,LICI,256541.91,Life Insurance Corporation Of India,INE0J1Y01017,0.05,1
3834113,POWERGRID,252743.91,Power Grid Corporation of India Limited,INE752E01010,0.05,1
2800641,DIVISLAB,250562.52,Divi's Laboratories Limited,INE361B01024,0.5,1
1102337,SHRIRAMFIN,244239.69,Shriram Finance Limited,INE721A01047,0.1,1
5097729,DMART,240678.77,Avenue Supermarts Limited,INE192R01011,0.1,1
60417,ASIANPAINT,239478.94,Asian Paints Limited,INE021A01026,0.1,1
895745,TATASTEEL,232995.27,Tata Steel Limited,INE081A01020,0.01,1
912129,ADANIGREEN,213984.65,Adani Green Energy Limited,INE364U01010,0.1,1
232961,EICHERMOT,211299.36,Eicher Motors Limited,INE066A01021,0.5,1
3412993,SOLARINDS,202426.25,Solar Industries India Limited,INE343H01029,5.0,1
415745,IOC,190551.99,Indian Oil Corporation Limited,INE242A01010,0.01,1
6616065,HYUNDAI,179165.31,Hyundai Motor India Limited,INE0V6F01027,0.1,1
1076225,MOTHERSON,171869.69,Samvardhana Motherson International Limited,INE775A01035,0.01,1
192044545,VAML,170631.12,Vedanta Aluminium Metal Limited,INE1CDF01017,0.05,1
5582849,SBILIFE,170629.63,SBI Life Insurance Company Limited,INE123W01016,0.1,1
2615553,ADANIENSOL,170223.04,Adani Energy Solutions Limited,INE931S01010,0.1,1
969473,WIPRO,164521.09,Wipro Limited,INE075A01022,0.01,1
3771393,DLF,162343.31,DLF Limited,INE271C01023,0.05,1
681985,PIDILITIND,159705.32,Pidilite Industries Limited,INE318A01026,0.1,1
175361,CHOLAFIN,158761.02,Cholamandalam Investment and Finance Company Limited,INE121A01024,0.1,1
3329,ABB,155307.65,ABB India Limited,INE117A01022,0.5,1
194371841,TATACAP,153129.19,Tata Capital Limited,INE976I01016,0.05,1
112129,BHEL,149554.62,Bharat Heavy Electricals Limited,INE257A01026,0.05,1
194561,CGPOWER,144082.78,CG Power and Industrial Solutions Limited,INE067A01029,0.05,1
558337,BOSCHLTD,143867.23,Bosch Limited,INE323A01026,5.0,1
486657,CUMMINSIND,142896.6,Cummins India Limited,INE298A01020,0.5,1
806401,SIEMENS,140824.29,Siemens Limited,INE003A01024,0.1,1
4724993,POWERINDIA,139043.49,Hitachi Energy India Limited,INE07Y701011,5.0,1
4843777,VBL,138850.18,Varun Beverages Limited,INE200M01039,0.05,1
3465729,TECHM,135170.34,Tech Mahindra Limited,INE669C01036,0.1,1
2730497,PNB,134295.04,Punjab National Bank,INE160A01022,0.01,1
5013761,BSE,134266.27,BSE Limited,INE118H01025,0.1,1
4561409,LTM,129672.14,LTM Limited,INE214T01019,0.1,1
134657,BPCL,129459.32,Bharat Petroleum Corporation Limited,INE029A01011,0.05,1
40193,APOLLOHOSP,127968.34,Apollo Hospitals Enterprise Limited,INE437A01024,0.5,1
2455041,POLYCAB,125900.78,Polycab India Limited,INE455K01017,0.5,1
1195009,BANKBARODA,122881.91,Bank of Baroda,INE028A01039,0.01,1
78081,BAJAJHLDNG,122333.83,Bajaj Holdings & Investment Limited,INE118A01012,1.0,1
140033,BRITANNIA,120650.93,Britannia Industries Limited,INE216A01030,0.5,1
877057,TATAPOWER,117268.96,Tata Power Company Limited,INE245A01021,0.05,1
3660545,PFC,116427.59,Power Finance Corporation Limited,INE134E01011,0.05,1
824321,LODHA,116249.63,Lodha Developers Limited,INE670K01029,0.1,1
1207553,GAIL,114728.57,GAIL (India) Limited,INE129A01019,0.01,1
6054401,MUTHOOTFIN,114077.27,Muthoot Finance Limited,INE414G01012,0.1,1
193758977,ENRIN,113214.27,Siemens Energy India Limited,INE1NPP01017,0.1,1
2763265,CANBK,113020.31,Canara Bank,INE476A01022,0.01,1
195628289,SBIFUNDS,112229.2,SBI Funds Management Limited,INE640G01020,0.05,1
194614529,LGEINDIA,111997.44,LG Electronics India Limited,INE324D01010,0.1,1
2029825,ZYDUSLIFE,111500.98,Zydus Lifesciences Limited,INE010B01027,0.1,1
1716481,PAYTM,111493.05,One 97 Communications Limited,INE982J01020,0.1,1
177665,CIPLA,110943.2,Cipla Limited,INE059A01026,0.1,1
5533185,ABCAPITAL,109501.94,Aditya Birla Capital Limited,INE674K01013,0.05,1
784129,VEDL,105058.69,Vedanta Limited,INE205A01025,0.05,1
1041153,MARICO,104227.56,Marico Limited,INE196A01026,0.05,1
2748929,OFSS,102104.97,Oracle Financial Services Software Limited,INE881D01027,1.0,1
4432129,LLOYDSME,102070.65,Lloyds Metals And Energy Limited,INE281B01032,0.1,1
5728513,MAXHEALTH,101088.0,Max Healthcare Institute Limited,INE027H01010,0.1,1
194618625,MEESHO,100809.98,Meesho Limited,INE0VDM01015,0.01,1
878593,TATACONSUM,98929.41,TATA CONSUMER PRODUCTS LIMITED,INE192A01025,0.1,1
325121,AMBUJACEM,98299.37,Ambuja Cements Limited,INE079A01024,0.05,1
1675521,NYKAA,97977.94,FSN E-Commerce Ventures Limited,INE388Y01029,0.05,1
54273,ASHOKLEY,97576.47,Ashok Leyland Limited,INE208A01029,0.01,1
195675393,MANIPALHOS,96450.03,Manipal Health Enterprises Limited,INE459N01021,0.05,1
130305,MAZDOCK,96133.52,Mazagon Dock Shipbuilders Limited,INE249Z01020,0.1,1
70401,AUROPHARMA,95996.05,Aurobindo Pharma Limited,INE406A01037,0.1,1
225537,DRREDDY,95210.56,Dr. Reddy's Laboratories Limited,INE089A01031,0.1,1
2672641,LUPIN,95010.7,Lupin Limited,INE326A01037,0.1,1
108033,BHARATFORG,93461.55,Bharat Forge Limited,INE465A01025,0.1,1
3937281,MANKIND,92456.01,Mankind Pharma Limited,INE634S01028,0.1,1
2585345,GODREJCP,89017.3,Godrej Consumer Products Limited,INE102D01028,0.05,1
4701441,PERSISTENT,86075.49,Persistent Systems Limited,INE262H01021,0.5,1
261889,FEDERALBNK,85464.55,The Federal Bank  Limited,INE171A01029,0.05,1
7982337,MCX,83989.65,Multi Commodity Exchange of India Limited,INE745G01043,0.1,1
1703937,POLICYBZR,83177.98,PB Fintech Limited,INE417T01026,0.1,1
3930881,RECLTD,82630.57,REC Limited,INE020B01018,0.05,1
794369,SHREECEM,82209.98,SHREE CEMENT LIMITED,INE070A01015,5.0,1
5552641,DIXON,82082.56,Dixon Technologies (India) Limited,INE935N01020,1.0,1
3520257,NAUKRI,81938.8,Info Edge (India) Limited,INE663F01032,0.1,1
4464129,OIL,81379.19,Oil India Limited,INE274J01014,0.05,1
2955009,COFORGE,81202.31,Coforge Limited,INE591G01025,0.1,1
5436929,AUBANK,79040.89,AU Small Finance Bank Limited,INE949L01017,0.1,1
6386689,LTF,78013.2,L&T Finance Limited,INE498L01015,0.05,1
6013185,BHARTIHEXA,76960.0,Bharti Hexacom Limited,INE343G01021,0.1,1
4454401,NHPC,76693.84,NHPC Limited,INE848E01016,0.01,1
758529,SAIL,75898.4,Steel Authority of India Limited,INE114A01011,0.01,1
91393,NAM-INDIA,75814.12,Nippon Life India Asset Management Limited,INE298J01013,0.1,1
837889,SRF,74664.68,SRF Limited,INE647A01010,0.1,1
3924993,NMDC,74378.78,NMDC Limited,INE584A01023,0.01,1
6957057,NTPCGREEN,73915.76,NTPC Green Energy Limited,INE0ONG01011,0.01,1
6632193,WAAREEENER,73293.56,Waaree Energies Limited,INE377N01017,0.1,1
3026177,WELCORP,73227.94,Welspun Corp Limited,INE191B01025,0.1,1
6928897,SWIGGY,73098.05,Swiggy Limited,INE00H001014,0.05,1
2941697,APARINDS,72615.01,Apar Industries Limited,INE372A01015,1.0,1
6469121,BAJAJHFL,70143.99,Bajaj Housing Finance Limited,INE377Y01014,0.01,1
3050241,YESBANK,69996.23,Yes Bank Limited,INE528G01035,0.01,1
1629185,NATIONALUM,68570.65,National Aluminium Company Limited,INE139A01034,0.05,1
1895937,GLENMARK,68157.26,Glenmark Pharmaceuticals Limited,INE935A01035,0.1,1
3735553,FORTIS,68131.2,Fortis Healthcare Limited,INE061F01013,0.05,1
3725313,PHOENIXLTD,67601.12,The Phoenix Mills Limited,INE211B01039,0.1,1
386049,ASTERDM,66813.69,Aster DM Quality Care Limited,INE914M01019,0.05,1
197633,DABUR,66780.61,Dabur India Limited,INE016A01026,0.05,1
5197313,PRESTIGE,66487.52,Prestige Estates Projects Limited,INE811K01011,0.1,1
1552897,ATGL,66285.56,Adani Total Gas Limited,INE399L01023,0.05,1
193957121,ATHERENERG,65768.8,Ather Energy Limited,INE0LEZ01016,0.1,1
5181953,OBEROIRLTY,65157.52,Oberoi Realty Limited,INE093I01010,0.1,1
2912513,MAHABANK,64878.26,Bank of Maharashtra,INE457A01014,0.01,1
1214721,BANKINDIA,64192.62,Bank of India,INE084A01016,0.01,1
2911489,BIOCON,63772.12,Biocon Limited,INE376G01013,0.05,1
4708097,RBLBANK,63678.44,RBL Bank Limited,INE976G01028,0.05,1
4600577,SBICARD,63407.98,SBI Cards and Payment Services Limited,INE018E01016,0.05,1
258817,SCHAEFFLER,61586.77,Schaeffler India Limited,INE513A01022,0.1,1
2995969,ALKEM,61432.5,Alkem Laboratories Limited,INE540L01014,0.5,1
3826433,MOTILALOFS,61135.81,Motilal Oswal Financial Services Limited,INE338I01027,0.1,1
6599681,APLAPOLLO,60940.47,APL Apollo Tubes Limited,INE702C01027,0.1,1
3076609,SUZLON,60783.85,Suzlon Energy Limited,INE040H01021,0.01,1
70913,GICRE,60298.73,General Insurance Corporation of India,INE481Y01014,0.05,1
2813441,RADICO,59756.15,Radico Khaitan Limited,INE944F01028,0.1,1
189185,COROMANDEL,57786.02,Coromandel International Limited,INE169A01031,0.1,1
193989633,HDBFS,56144.37,HDB Financial Services Limited,INE756I01012,0.05,1
582913,MRF,54401.14,MRF Limited,INE883A01011,5.0,1
194445057,PIRAMALFIN,54208.79,Piramal Finance Limited,INE202B01038,0.1,1
103425,BERGEPAINT,54079.21,Berger Paints (I) Limited,INE463A01038,0.05,1
4583169,ABBOTINDIA,53675.74,Abbott India Limited,INE358A01014,5.0,1
416513,LINDEINDIA,53110.75,Linde India Limited,INE473A01011,0.5,1
194018561,ANTHEM,52930.3,Anthem Biosciences Limited,INE0CZ201020,0.05,1
3520001,FLUOROCHEM,52577.5,Gujarat Fluorochemicals Limited,INE09N301011,0.1,1
854785,SUNDARMFIN,51835.32,Sundaram Finance Limited,INE660A01013,0.1,1
79873,TIINDIA,51335.38,Tube Investments of India Limited,INE974X01010,0.1,1
258049,FACT,51115.45,Fertilizers and Chemicals Travancore Limited,INE188A01015,0.05,1
548353,MFSL,50804.78,Max Financial Services Limited,INE180A01020,0.1,1
952577,TATACOMM,50300.51,Tata Communications Limited,INE151A01013,0.1,1
1199105,SONACOMS,50148.72,Sona BLW Precision Forgings Limited,INE073K01018,0.05,1
3400961,M&MFIN,49922.25,Mahindra & Mahindra Financial Services Limited,INE774D01024,0.05,1
3876097,COLPAL,49188.6,Colgate Palmolive (India) Limited,INE259A01022,0.1,1
2889473,UPL,48629.2,UPL Limited,INE628A01036,0.05,1
303617,GLAND,48614.02,Gland Pharma Limited,INE068V01023,0.1,1
7160065,VMM,48440.92,Vishal Mega Mart Limited,INE01EA01019,0.01,1
295169,GLAXO,48126.56,GlaxoSmithKline Pharmaceuticals Limited,INE159A01016,0.1,1
10241,AEGISLOG,45896.76,Aegis Logistics Limited,INE208C01025,0.1,1
194267649,CPPLUS,45298.42,Aditya Infotech Limited,INE819V01029,0.1,1
3756033,NAVINFLUOR,44640.62,Navin Fluorine International Limited,INE048G01026,0.5,1
3343617,360ONE,44624.24,360 ONE WAM LIMITED,INE466L01038,0.1,1
860929,SUPREMEIND,44605.71,Supreme Industries Limited,INE195A01028,0.1,1
2079745,AJANTPHARM,43985.58,Ajanta Pharma Limited,INE031B01049,0.1,1
548865,BDL,43804.22,Bharat Dynamics Limited,INE171Z01026,0.1,1
1152769,MPHASIS,43729.54,MphasiS Limited,INE356A01018,0.1,1
6412545,PREMIERENE,43695.51,Premier Energies Limited,INE0BS701011,0.1,1
6029569,AIIL,43505.82,Authum Investment & Infrastructure Limited,INE206F01022,0.05,1
2905857,PETRONET,43305.0,Petronet LNG Limited,INE347G01014,0.05,1
2445313,RVNL,42868.01,Rail Vikas Nigam Limited,INE415G01027,0.01,1
85761,BALKRISIND,42394.46,Balkrishna Industries Limited,INE787D01026,0.1,1
889601,THERMAX,41064.95,Thermax Limited,INE152A01029,0.1,1
5506049,COCHINSHIP,39998.8,Cochin Shipyard Limited,INE704P01025,0.1,1
3689729,PAGEIND,39875.1,Page Industries Limited,INE761H01022,5.0,1
2919169,POONAWALLA,39361.46,Poonawalla Fincorp Limited,INE511C01022,0.05,1
3060737,MEDANTA,39222.2,Global Health Limited,INE474Q01031,0.1,1
3691009,ASTRAL,39196.06,Astral Limited,INE006I01046,0.1,1
3031041,NH,38785.97,Narayana Hrudayalaya Ltd.,INE410P01011,0.1,1
3350017,AIAENG,38413.46,AIA Engineering Limited,INE212H01026,0.1,1
1215745,CONCOR,38396.97,Container Corporation of India Limited,INE111A01025,0.05,1
951809,VOLTAS,38333.0,Voltas Limited,INE226A01021,0.1,1
4818433,ENDURANCE,38202.62,Endurance Technologies Limited,INE913H01037,0.1,1
2197761,NLCINDIA,37494.65,NLC India Limited,INE589A01014,0.05,1
4741121,CUPID,37307.61,Cupid Limited,INE509F01029,0.05,1
6245889,EMCURE,37234.17,Emcure Pharmaceuticals Limited,INE168P01015,0.1,1
4359425,PATANJALI,36960.71,Patanjali Foods Limited,INE619A01035,0.05,1
121345,3MINDIA,36949.43,3M India Limited,INE470A01017,5.0,1
194489089,PWL,36763.11,Physicswallah Limited,INE0LP301011,0.01,1
1829121,ANANDRATHI,36570.59,Anand Rathi Wealth Limited,INE463V01026,0.1,1
1921537,WOCKPHARMA,36083.01,Wockhardt Limited,INE049B01025,0.1,1
6191105,PIIND,35878.5,PI Industries Limited,INE603J01030,0.1,1
4752385,LTTS,35828.91,L&T Technology Services Limited,INE010V01017,0.1,1
173057,EXIDEIND,35772.25,Exide Industries Limited,INE302A01020,0.05,1
193793,CRISIL,34529.8,Crisil Limited,INE007A01025,0.1,1
1813249,STARHEALTH,33906.75,Star Health and Allied Insurance Company Limited,INE575P01011,0.05,1
7126785,SAILIFE,33794.04,Sai Life Sciences Limited,INE570L01029,0.1,1
4270593,PTCIL,33560.82,PTC Industries Limited,INE596F01018,5.0,1
2457345,DELHIVERY,33545.91,Delhivery Limited,INE148O01028,0.05,1
2067201,DALBHARAT,32764.31,Dalmia Bharat Limited,INE00R701025,0.1,1
414977,TATAINVEST,32641.56,Tata Investment Corporation Limited,INE672A01026,0.05,1
245249,ESCORTS,32550.5,Escorts Kubota Limited,INE042A01014,0.1,1
102145,NIACL,32523.28,The New India Assurance Company Limited,INE470Y01017,0.01,1
4792577,NUVAMA,32424.31,Nuvama Wealth Management Limited,INE531F01023,0.1,1
470529,KARURVYSYA,32412.35,Karur Vysya Bank Limited,INE036D01028,0.05,1
193878017,AEGISVOPAK,32336.73,Aegis Vopak Terminals Limited,INE0INX01018,0.05,1
195725569,DHOOTTRANS,32146.77,Dhoot Transmission Limited,INE01NH01023,0.1,1
584449,MRPL,31778.12,Mangalore Refinery and Petrochemicals Limited,INE103A01014,0.01,1
5195009,TATATECH,31633.47,Tata Technologies Limited,INE142M01025,0.05,1
1540609,ABSLAMC,31496.67,Aditya Birla Sun Life AMC Limited,INE404A01024,0.1,1
4632577,JUBLFOOD,31160.62,Jubilant Foodworks Limited,INE797F01020,0.05,1
2127617,BLUESTARCO,31126.78,Blue Star Limited,INE472A01039,0.1,1
4879617,MANAPPURAM,31073.24,Manappuram Finance Limited,INE522D01027,0.05,1
730625,CRAFTSMAN,30995.62,Craftsman Automation Limited,INE00LO01017,1.0,1
2763009,SYRMA,30796.88,Syrma SGS Technology Limited,INE0DYJ01015,0.1,1
4840449,PNBHOUSING,30748.78,PNB Housing Finance Limited,INE572E01012,0.1,1
3649281,REDINGTON,30645.56,Redington Limited,INE891D01026,0.05,1
615937,NEULANDLAB,30535.14,Neuland Laboratories Limited,INE794A01010,5.0,1
1201409,SHYAMMETL,30229.05,Shyam Metalics and Energy Limited,INE810G01011,0.1,1
4462849,NETWEB,29803.2,Netweb Technologies India Limited,INE0NT901020,0.5,1
194384897,RUBICON,29551.49,Rubicon Research Limited,INE506V01022,0.1,1
4330241,ZFCVINDIA,28774.58,ZF Commercial Vehicle Control Systems India Limited,INE342J01019,0.1,1
5565441,CHOLAHLDNG,28767.51,Cholamandalam Financial Holdings Limited,INE149A01033,0.1,1
7995905,SCHNEIDER,28570.54,Schneider Electric Infrastructure Limited,INE839M01018,0.1,1
5420545,CDSL,28319.5,Central Depository Services (India) Limited,INE736A01011,0.1,1
1427969,ACUTAAS,28257.0,Acutaas Chemicals Limited,INE00FF01025,0.1,1
2962177,PPLPHARMA,28155.32,Piramal Pharma Limited,INE0DK501011,0.01,1
6927617,ACMESOLAR,28057.43,Acme Solar Holdings Limited,INE622W01025,0.05,1
579329,BANDHANBNK,28033.96,Bandhan Bank Limited,INE545U01014,0.01,1
3812865,CENTRALBK,27896.42,Central Bank of India,INE483A01010,0.01,1
4752897,RRKABEL,27563.81,R R Kabel Limited,INE777K01022,0.1,1
82945,ANGELONE,27163.93,Angel One Limited,INE732I01021,0.05,1
1883649,DATAPATTNS,26744.66,Data Patterns (India) Limited,INE0IX101010,0.1,1
41729,APOLLOTYRE,26539.95,Apollo Tyres Limited,INE438A01022,0.05,1
4834049,SJVN,26408.22,SJVN Limited,INE002L01015,0.01,1
856321,SUNDRMFAST,26394.22,Sundram Fasteners Limited,INE387A01021,0.1,1
5204225,CGCL,26194.64,Capri Global Capital Limited,INE180C01042,0.05,1
1853953,METROBRAND,25953.55,Metro Brands Limited,INE317I01021,0.05,1
303361,AMBER,25674.93,Amber Enterprises India Limited,INE371P01015,0.5,1
1472257,SANSERA,25634.76,Sansera Engineering Limited,INE953O01021,0.1,1
1376769,ASAHIINDIA,24885.99,Asahi India Glass Limited,INE439A01020,0.05,1
3634689,TIMKEN,24801.12,Timken India Limited,INE325A01013,0.1,1
648961,PGHH,24610.11,Procter & Gamble Hygiene and Health Care Limited,INE179A01014,0.5,1
464385,KPIL,24454.63,Kalpataru Projects International Limited,INE220B01022,0.1,1
3454977,PFOCUS,24418.45,Prime Focus Limited,INE367G01038,0.05,1
194325505,URBANCO,24232.12,Urban Company Limited,INE0CAZ01013,0.01,1
524545,CHENNPETRO,24218.95,Chennai Petroleum Corporation Limited,INE178A01016,0.1,1
2200577,MSUMI,24099.46,Motherson Sumi Wiring India Limited,INE0FS801015,0.01,1
403457,GILLETTE,24065.81,Gillette India Limited,INE322A01010,0.5,1
3920129,IRB,24047.3,IRB Infrastructure Developers Limited,INE821I01022,0.01,1
4378881,SUMICHEM,24003.92,Sumitomo Chemical India Limited,INE258G01013,0.05,1
2076161,AWL,23989.05,AWL Agri Business Limited,INE699H01024,0.01,1
2962689,FORCEMOT,23947.86,FORCE MOTORS LTD,INE451A01017,1.0,1
6445569,TDPOWERSYS,23832.65,TD Power Systems Limited,INE419M01035,0.05,1
277761,GABRIEL,23725.78,Gabriel India Limited,INE524A01029,0.1,1
194490369,EMMVEE,23723.2,Emmvee Photovoltaic Power Limited,INE1C6T01020,0.05,1
5633,ACC,23554.16,ACC Limited,INE012A01025,0.1,1
3095553,KAYNES,23521.15,Kaynes Technology India Limited,INE918Z01012,0.1,1
8042241,NBCC,22663.8,NBCC (India) Limited,INE095N01031,0.01,1
1131777,CREDITACC,22487.62,CREDITACCESS GRAMEEN LIMITED,INE741K01010,0.1,1
5105409,DEEPAKNTR,22447.57,Deepak Nitrite Limited,INE288B01029,0.1,1
1459457,CUB,22436.38,City Union Bank Limited,INE491A01021,0.01,1
2903809,AFFLE,22434.03,Affle 3i Limited,INE00WC01027,0.1,1
193818113,BELRISE,22089.75,Belrise Industries Limited,INE894V01022,0.01,1
3486721,ANANTRAJ,21911.11,Anant Raj Limited,INE242C01024,0.05,1
2511361,AETHER,21771.35,Aether Industries Limited,INE0BWX01014,0.1,1
265729,FINCABLES,21692.92,Finolex Cables Limited,INE235A01022,0.1,1
1439233,CEMPRO,21506.09,Cemindia Projects Limited,INE686A01026,0.1,1
2883073,IGL,21484.43,Indraprastha Gas Limited,INE203G01027,0.01,1
195909633,MILKYMIST,21465.54,Milky Mist Dairy Food Limited,INE00IT01020,0.01,1
999937,CAPLIPOINT,21248.31,Caplin Point Laboratories Limited,INE475E01026,0.1,1
3887105,BRIGADE,21238.06,Brigade Enterprises Limited,INE791I01019,0.05,1
873217,TATAELXSI,21237.92,Tata Elxsi Limited,INE670A01012,0.1,1
194529281,TENNIND,20957.15,Tenneco Clean Air India Limited,INE19RI01016,0.05,1
6925313,SAGILITY,20789.78,SAGILITY LIMITED,INE0W2G01015,0.01,1
152321,CARBORUNIV,20768.9,Carborundum Universal Limited,INE120A01034,0.1,1
4399617,SHRIPISTON,20629.83,SPR Auto Technologies Limited,INE526E01018,0.1,1
523009,RAMCOCEM,20551.53,The Ramco Cements Limited,INE331A01037,0.05,1
6074625,AADHARHFC,20275.83,Aadhar Housing Finance Limited,INE883F01010,0.05,1
194513921,PINELABS,19981.36,Pine Labs Limited,INE15B701018,0.01,1
2880769,WELSPUNLIV,19956.66,Welspun Living Limited,INE192B01031,0.01,1
3526657,GESHIP,19901.48,The Great Eastern Shipping Company Limited,INE017A01032,0.1,1
3443457,RATNAMANI,19786.97,Ratnamani Metals & Tubes Limited,INE703B01027,0.1,1
239873,ELGIEQUIP,19595.41,Elgi Equipments Limited,INE285A01027,0.05,1
160769,CESC,19562.77,CESC Limited,INE486A01021,0.01,1
2187777,CHALET,19174.03,Chalet Hotels Limited,INE427F01016,0.05,1
4546049,SARDAEN,18931.68,Sarda Energy & Minerals Limited,INE385C01021,0.05,1
506625,LMW,18817.04,LMW Limited,INE269B01029,1.0,1
5415425,ERIS,18800.21,Eris Lifesciences Limited,INE406M01024,0.1,1
676609,PFIZER,18735.53,Pfizer Limited,INE182A01018,0.1,1
67329,ATUL,18713.18,Atul Limited,INE100A01010,0.5,1
320001,CASTROLIND,18601.44,Castrol India Limited,INE172A01027,0.01,1
195981569,ESDS,18545.12,ESDS Software Solution Limited,INE0DRI01029,0.05,1
193795585,THELEELA,18506.28,Leela Palaces Hotels & Resorts Limited,INE0AQ201015,0.05,1
4544513,SHILPAMED,18382.74,Shilpa Medicare Limited,INE790G01031,0.05,1
1793,AARTIIND,18283.24,Aarti Industries Limited,INE769A01020,0.05,1
4514561,ZYDUSWELL,18017.44,Zydus Wellness Limited,INE768C01028,0.05,1
3431425,SUNTV,17952.52,Sun TV Network Limited,INE424H01027,0.05,1
5351681,AZAD,17911.75,Azad Engineering Limited,INE02IJ01035,0.1,1
4589313,BAYERCROP,17879.76,Bayer Cropscience Limited,INE462A01022,0.1,1
6077441,TBOTEK,17850.01,TBO Tek Limited,INE673O01025,0.1,1
235265,EIHOTEL,17826.01,EIH Limited,INE230A01023,0.05,1
6583809,POLYMED,17714.94,Poly Medicure Limited,INE205C01021,0.1,1
7481345,ONESOURCE,17681.41,Onesource Specialty Pharma Limited,INE013P01021,0.1,1
87553,CAMS,17678.79,Computer Age Management Services Limited,INE596I01020,0.05,1
3885825,ECLERX,17482.96,eClerx Services Limited,INE738I01010,0.1,1
195724289,MOLBIO,17394.33,Molbio Diagnostics Limited,INE869T01028,0.1,1
3661825,FSL,17356.6,Firstsource Solutions Limited,INE684F01012,0.05,1
6342913,OLAELEC,17299.14,Ola Electric Mobility Limited,INE0LXG01040,0.01,1
7712001,SAMMAANCAP,17203.88,Sammaan Capital Limited,INE148I01020,0.01,1
2269697,CHOICEIN,17162.7,Choice International Limited,INE102B01014,0.05,1
1436161,ASTRAZEN,17151.25,AstraZeneca Pharma India Limited,INE203A01020,0.5,1
6222849,ABDL,17102.88,Allied Blenders and Distillers Limited,INE552Z01027,0.05,1
1347841,ALIVUS,17067.69,Alivus Life Sciences Limited,INE03Q201024,0.1,1
4593921,COHANCE,17037.06,Cohance Lifesciences Limited,INE03QK01018,0.05,1
101121,BEML,16899.34,BEML Limited,INE258A01024,0.1,1
211713,DEEPAKFERT,16877.35,Deepak Fertilizers and Petrochemicals Corporation Limited,INE501A01019,0.1,1
1375489,DEVYANI,16758.12,Devyani International Limited,INE872J01023,0.01,1
163073,CHAMBLFERT,16737.25,Chambal Fertilizers & Chemicals Limited,INE085A01013,0.05,1
530689,VTL,16662.23,Vardhman Textiles Limited,INE825A01020,0.05,1
6629633,MINDACORP,16548.23,Minda Corporation Limited,INE842C01021,0.05,1
194606849,CLEANMAX,16406.24,Clean Max Enviro Energy Solutions Limited,INE647U01026,0.1,1
2493697,PARADEEP,16316.19,Paradeep Phosphates Limited,INE088F01024,0.01,1
3406081,CENTURYPLY,16308.61,Century Plyboards (India) Limited,INE348B01021,0.05,1
3460353,EMAMILTD,16187.6,Emami Limited,INE548C01032,0.05,1
7539713,AGARWALEYE,16113.83,Dr. Agarwal's Health Care Limited,INE943P01029,0.05,1
2974209,ASTRAMICRO,16110.27,Astra Microwave Products Limited,INE386C01029,0.1,1
6483969,APLLTD,16047.41,Alembic Pharmaceuticals Limited,INE901L01018,0.05,1
5376257,PSB,16036.02,Punjab & Sind Bank,INE608A01012,0.01,1
94209,BASF,15965.04,BASF India Limited,INE373A01013,0.1,1
1027585,NAVA,15818.76,NAVA LIMITED,INE725A01030,0.05,1
958465,FINEORG,15808.28,Fine Organic Industries Limited,INE686Y01026,0.5,1
4638209,THANGAMAYL,15794.33,Thangamayil Jewellery Limited,INE085J01014,0.5,1
1922049,ZENTEC,15738.97,Zen Technologies Limited,INE251B01027,0.1,1
3080193,FIVESTAR,15664.18,Five-Star Business Finance Limited,INE128S01021,0.05,1
207617,DCMSHRIRAM,15601.62,DCM Shriram Limited,INE499A01024,0.1,1
2461953,SPLPETRO,15572.64,Supreme Petrochem Limited,INE663A01033,0.05,1
2234113,SHAILY,15561.11,Shaily Engineering Plastics Limited,INE151G01028,0.1,1
871681,TATACHEM,15554.14,Tata Chemicals Limited,INE092A01019,0.05,1
3419905,KFINTECH,15541.2,Kfin Technologies Limited,INE138Y01010,0.05,1
6491649,PGEL,15528.12,PG Electroplast Limited,INE457L01029,0.05,1
49409,ARVIND,15500.87,Arvind Limited,INE034A01011,0.05,1
306177,KANSAINER,15456.57,Kansai Nerolac Paints Limited,INE531A01024,0.01,1
2622209,SYNGENE,15456.12,Syngene International Limited,INE398R01022,0.05,1
1429761,VIJAYA,15437.3,Vijaya Diagnostic Centre Limited,INE043W01024,0.1,1
290305,APOLLO,15354.49,Apollo Micro Systems Limited,INE713T01028,0.05,1
3536897,LTFOODS,15331.22,LT Foods Limited,INE818H01020,0.05,1
1256193,ENGINERSIN,15290.36,Engineers India Limited,INE510A01028,0.05,1
4623361,CONCORDBIO,15198.64,Concord Biotech Limited,INE338H01029,0.1,1
2263041,USHAMART,15090.64,Usha Martin Limited,INE228A01035,0.05,1
194619905,AEQUS,15059.03,Aequs Limited,INE947N01017,0.01,1
2478849,KPITTECH,14998.36,KPIT Technologies Limited,INE04I401011,0.05,1
25601,ARE&M,14993.44,Amara Raja Energy & Mobility Limited,INE885A01032,0.05,1
2708225,MARKSANS,14972.53,Marksans Pharma Limited,INE750C01026,0.05,1
533761,MAHSCOOTER,14969.14,Maharashtra Scooters Limited,INE288A01013,1.0,1
194936065,SHADOWFAX,14967.5,Shadowfax Technologies Limited,INE12UN01015,0.05,1
1003009,NATCOPHARM,14930.54,Natco Pharma Limited,INE987B01026,0.05,1
87297,BALRAMCHIN,14920.8,Balrampur Chini Mills Limited,INE119A01028,0.05,1
3854849,AVALON,14894.69,Avalon Technologies Limited,INE0LCL01028,0.1,1
2408449,RAINBOW,14812.73,Rainbow Childrens Medicare Limited,INE961O01016,0.1,1
4376065,CROMPTON,14810.04,Crompton Greaves Consumer Electricals Limited,INE299U01018,0.01,1
160001,ABREL,14788.68,Aditya Birla Real Estate Limited,INE055A01016,0.1,1
1384193,CARTRADE,14721.95,Cartrade Tech Limited,INE290S01011,0.1,1
6936833,NIVABUPA,14689.88,Niva Bupa Health Insurance Company Limited,INE995S01015,0.01,1
2931713,CCL,14624.22,CCL Products (India) Limited,INE421D01022,0.1,1
194585857,SKFINDUS,14512.02,SKF India (Industrial) Limited,INE2J8701016,0.1,1
3823873,CIEINDIA,14484.06,CIE Automotive India Limited,INE536H01010,0.05,1
194426113,CANHLIFE,14435.88,Canara HSBC Life Insurance Company Limited,INE01TY01017,0.01,1
764673,NAZARA,14412.64,Nazara Technologies Limited,INE418L01047,0.05,1
3932673,VGUARD,14362.79,V-Guard Industries Limited,INE951I01027,0.05,1
192094209,VOGL,14199.41,Vedanta Oil and Gas Limited,INE704J01044,0.01,1
3063297,BIKAJI,14195.44,Bikaji Foods International Limited,INE00E101023,0.05,1
724225,ANURAS,14016.05,Anupam Rasayan India Limited,INE930P01018,0.1,1
2090753,MANYAVAR,14010.07,Vedant Fashions Limited,INE825V01034,0.05,1
498945,KSB,13996.23,Ksb Limited,INE999A01023,0.05,1
194305793,ATLANTAELE,13882.92,Atlanta Electricals Limited,INE0Z4F01028,0.1,1
5168129,WABAG,13821.89,VA Tech Wabag Limited,INE956G01038,0.1,1
2445569,PRUDENT,13742.05,Prudent Corporate Advisory Services Limited,INE00F201020,0.1,1
194569985,SUDEEPPHRM,13706.32,Sudeep Pharma Limited,INE0QPI01025,0.1,1
2259201,PRIVISCL,13654.76,Privi Speciality Chemicals Limited,INE959A01019,0.1,1
4445185,VINATIORGA,13614.92,Vinati Organics Limited,INE410B01037,0.1,1
194528257,UTLSOLAR,13542.04,Fujiyama Power Systems Limited,INE12UR01024,0.05,1
987393,VARROC,13513.57,Varroc Engineering Limited,INE665L01035,0.05,1
7455745,PCJEWELLER,13487.2,PC Jeweller Limited,INE785M01021,0.01,1
7264769,IGIL,13448.81,International Gemological Institute Limited,INE0Q9301021,0.05,1
3414273,GALLANTT,13348.87,Gallantt Ispat Limited,INE297H01019,0.05,1
3478273,ACE,13345.41,Action Construction Equipment Limited,INE731H01025,0.1,1
3905025,CEATLTD,13331.14,CEAT Limited,INE482A01020,0.1,1
7384833,VENTIVE,13307.2,Ventive Hospitality Limited,INE781S01027,0.05,1
780289,SCI,13284.59,Shipping Corporation Of India Limited,INE109A01011,0.05,1
4914177,TI,13281.13,Tilaknagar Industries Limited,INE133E01013,0.05,1
192132609,VEDPOWER,13258.51,Vedanta Power Limited,INE694L01019,0.01,1
3587585,LUMAXTECH,13240.32,Lumax Auto Technologies Limited,INE872H01027,0.1,1
879361,BBOX,13228.48,Black Box Limited,INE676A01027,0.05,1
2921217,RKFORGE,13218.46,Ramkrishna Forgings Limited,INE399G01023,0.05,1
3539457,SOBHA,13216.28,Sobha Limited,INE671H01015,0.1,1
194806017,FRACTAL,13183.71,Fractal Analytics Limited,INE212S01015,0.05,1
678145,PCBL,13173.13,PCBL Chemical Limited,INE602A01031,0.05,1
2618113,MANORAMA,13161.02,Manorama Industries Limited,INE00VM01036,0.1,1
5261057,DOMS,13142.67,DOMS Industries Limited,INE321T01012,0.1,1
194378497,BLUESTONE,13064.87,BlueStone Jewellery and Lifestyle Limited,INE304W01038,0.05,1
234497,EIDPARRY,13061.06,EID Parry India Limited,INE126A01031,0.05,1
192074241,VISL,13048.96,Vedanta Iron and Steel Limited,INE1CLE01013,0.01,1
3870465,EDELWEISS,12942.87,Edelweiss Financial Services Limited,INE532F01054,0.01,1
1818881,TEGA,12933.98,Tega Industries Limited,INE011K01018,0.1,1
194855169,SEDEMAC,12878.79,SEDEMAC Mechatronics Limited,INE00XB01019,0.1,1
3489537,SKYGOLD,12859.18,SKY GOLD AND DIAMONDS LIMITED,INE01IU01018,0.05,1
3630081,NSLNISP,12853.64,NMDC Steel Limited,INE0NNS01018,0.01,1
1391361,APTUS,12630.62,Aptus Value Housing Finance India Limited,INE852O01025,0.01,1
4557057,LLOYDSENGG,12481.69,LLOYDS ENGINEERING WORKS LIMITED,INE093R01011,0.01,1
194749441,AMAGI,12375.67,Amagi Media Labs Limited,INE121R01077,0.05,1
5256705,GRAVITA,12372.81,Gravita India Limited,INE024L01027,0.1,1
2452737,METROPOLIS,12356.99,Metropolis Healthcare Limited,INE112L01020,0.05,1
5158913,ASKAUTOLTD,12270.16,ASK Automotive Limited,INE491J01022,0.05,1
194649857,PARKHOSPS,12128.62,Park Medi World Limited,INE119201023,0.05,1
1522689,SOUTHBANK,12069.74,The South Indian Bank Limited,INE683A01023,0.01,1
3365633,PVRINOX,11993.16,PVR INOX Limited,INE191H01014,0.1,1
134913,UTIAMC,11844.25,UTI Asset Management Company Limited,INE094J01016,0.05,1
1389057,NUVOCO,11832.58,Nuvoco Vistas Corporation Limited,INE118D01016,0.05,1
1513217,PARAS,11711.76,Paras Defence and Space Technologies Limited,INE045601023,0.1,1
194418689,SHREEJISPG,11617.7,Shreeji Shipping Global Limited,INE1B6101010,0.05,1
126721,BLUEDART,11585.4,Blue Dart Express Limited,INE233B01017,0.1,1
3945985,TITAGARH,11571.17,TITAGARH RAIL SYSTEMS LIMITED,INE615H01020,0.05,1
6327041,AKUMS,11477.3,Akums Drugs and Pharmaceuticals Limited,INE09XN01023,0.05,1
3659777,VIYASH,11462.62,Viyash Scientific Limited,INE807F01027,0.05,1
1649921,TECHNOE,11372.35,Techno Electric & Engineering Company Limited,INE285K01026,0.05,1
7606017,QPOWER,11292.9,Quality Power Electrical Equipments Limited,INE0SII01026,0.1,1
1887745,STAR,11217.42,Strides Pharma Science Limited,INE939A01011,0.1,1
1471489,CYIENT,11205.5,Cyient Limited,INE136B01020,0.1,1
2031617,AVANTIFEED,11108.11,Avanti Feeds Limited,INE871C01038,0.05,1
3475713,VOLTAMP,11051.94,Voltamp Transformers Limited,INE540H01012,1.0,1
3650561,PGIL,10985.96,Pearl Global Industries Limited,INE940H01022,0.1,1
4614657,SBFC,10914.67,SBFC Finance Limited,INE423Y01016,0.01,1
4488705,MGL,10873.46,Mahanagar Gas Limited,INE002S01010,0.1,1
4798209,SIGNATURE,10865.88,Signatureglobal (India) Limited,INE903U01023,0.05,1
2976257,WELENT,10821.3,Welspun Enterprises Limited,INE625G01013,0.05,1
6606593,LLOYDSENT,10687.39,Lloyds Enterprises Limited,INE080I01025,0.01,1
6948865,BLACKBUCK,10672.17,BLACKBUCK LIMITED,INE0UIZ01018,0.05,1
195239169,ELANTAS,10620.72,Elantas Beck India Limited,INE280B01018,1.0,1
149249,CANFINHOME,10415.35,Can Fin Homes Limited,INE477A01020,0.05,1
1837313,RATEGAIN,10260.98,Rategain Travel Technologies Limited,INE0CLI01024,0.05,1
193751809,ABLBL,10202.96,Aditya Birla Lifestyle Brands Limited,INE14LE01019,0.01,1
1378561,AAVAS,10198.04,Aavas Financiers Limited,INE216P01012,0.1,1
2875649,SUVEN,10192.04,Suven Life Sciences Limited,INE495B01038,0.05,1
962817,RITES,10131.13,RITES Limited,INE320J01015,0.01,1
851713,SUDARSCHEM,10116.53,Sudarshan Chemical Industries Limited,INE659A01023,0.1,1
4610817,WHIRLPOOL,10098.42,Whirlpool of India Limited,INE716A01013,0.05,1
194366465,JAINREC,10057.53,Jain Resource Recycling Limited,INE0YD401026,0.05,1
97281,BBTC,10010.17,The Bombay Burmah Trading Corporation Limited,INE050A01025,0.1,1
5039617,BLUEJET,9979.47,Blue Jet Healthcare Limited,INE0KBH01020,0.05,1
2723073,OLECTRA,9904.68,Olectra Greentech Limited,INE260D01016,0.1,1
1148673,ALKYLAMINE,9821.6,Alkyl Amines Chemicals Limited,INE150B01039,0.1,1
5409537,TEJASNET,9770.34,Tejas Networks Limited,INE010J01012,0.05,1
194802177,KWIL,9757.85,Kwality Wall's (India) Limited,INE2KCE01013,0.01,1
266497,FINPIPE,9712.47,Finolex Industries Limited,INE183A01024,0.01,1
1252353,SAREGAMA,9696.83,Saregama India Limited,INE979A01025,0.05,1
4423425,BLS,9696.7,BLS International Services Limited,INE153T01027,0.01,1
275457,ZENSARTECH,9693.41,Zensar Technologies Limited,INE520A01027,0.05,1
2707713,KRBL,9687.76,KRBL Limited,INE001B01026,0.05,1
194275585,SGMART,9661.23,SG Mart Limited,INE385F01024,0.05,1
534529,MAHSEAMLES,9633.88,Maharashtra Seamless Limited,INE271B01025,0.05,1
6650113,AFCONS,9593.66,Afcons Infrastructure Limited,INE101I01011,0.05,1
4699905,SANDUMA,9563.63,Sandur Manganese & Iron Ores Limited,INE149K01016,0.01,1
3492609,ELECON,9436.02,Elecon Engineering Company Limited,INE205B01031,0.05,1
6456833,SANOFICONR,9432.04,Sanofi Consumer Healthcare India Limited,INE0UOS01011,0.1,1
4540929,YATHARTH,9415.75,Yatharth Hospital & Trauma Care Services Limited,INE0JO301016,0.1,1
194415105,WEWORK,9400.82,WeWork India Management Limited,INE085001019,0.05,1
195912193,SHIPROCKET,9398.12,Shiprocket Limited,INE0FOO01011,0.01,1
6936321,SWANCORP,9345.72,SWAN CORP LIMITED,INE665A01038,0.05,1
4596993,MMTC,9334.5,MMTC Limited,INE123F01029,0.01,1
5029377,MAXESTATES,9155.55,Max Estates Limited,INE03EI01018,0.05,1
3764993,TIMETECHNO,9125.84,Time Technoplast Limited,INE508G01029,0.01,1
867073,SMLMAH,9085.3,SML Mahindra Limited,INE294B01019,0.5,1
3906305,RPOWER,9032.52,Reliance Power Limited,INE614G01033,0.01,1
3047681,GENUSPOWER,9021.27,Genus Power Infrastructures Limited,INE955D01029,0.05,1
1292545,CLEAN,9017.68,Clean Science and Technology Limited,INE227W01023,0.05,1
5025537,PRICOLLTD,9014.36,Pricol Limited,INE726V01018,0.05,1
240641,PGHL,9005.99,Procter & Gamble Health Limited,INE199A01012,0.5,1
6479873,PNGJL,8994.81,P N Gadgil Jewellers Limited,INE953R01016,0.05,1
593665,NCC,8987.62,NCC Limited,INE868B01028,0.01,1
3553281,BANCOINDIA,8975.59,Banco Products (I) Limited,INE213C01025,0.05,1
244481,ESABINDIA,8964.89,Esab India Limited,INE284A01012,0.5,1
7443201,SETL,8895.33,Standard Engineering Technology Limited,INE0M4D01010,0.05,1
4360193,THYROCARE,8876.45,Thyrocare Technologies Limited,INE594H01019,0.05,1
3857409,RELIGARE,8830.45,Religare Enterprises Limited,INE621H01010,0.01,1
2964481,WESTLIFE,8722.35,WESTLIFE FOODWORLD LIMITED,INE274F01020,0.05,1
193545729,WAAREERTL,8703.66,Waaree Renewable Technologies Limited,INE299N01021,0.05,1
3884545,TARIL,8703.31,Transformers And Rectifiers (India) Limited,INE763I01026,0.05,1
630529,MIDHANI,8680.4,Mishra Dhatu Nigam Limited,INE099Z01011,0.05,1
695553,PRECWIRE,8494.17,Precision Wires India Limited,INE372C01037,0.05,1
941057,VESUVIUS,8445.2,Vesuvius India Limited,INE386A01023,0.05,1
4849665,KINGFA,8439.12,Kingfa Science & Technology (India) Limited,INE473D01015,0.5,1
622337,RAILTEL,8431.05,Railtel Corporation Of India Limited,INE0DD101019,0.05,1
2333953,TIPSMUSIC,8416.4,Tips Music Limited,INE716B01029,0.05,1
94977,BATAINDIA,8396.06,Bata India Limited,INE176A01028,0.05,1
6352385,FIRSTCRY,8315.98,Brainbees Solutions Limited,INE02RE01045,0.01,1
233729,EQUITASBNK,8309.79,Equitas Small Finance Bank Limited,INE063P01018,0.01,1
336641,GALAXYSURF,8219.82,Galaxy Surfactants Limited,INE600K01018,0.1,1
6201601,RELAXO,8137.8,Relaxo Footwears Limited,INE131B01039,0.05,1
3699201,EMBDL,8006.59,Embassy Developments Limited,INE069I01010,0.01,1
6332161,RPEL,8006.49,Raghav Productivity Enhancers Limited,INE912T01018,0.1,1
3780097,V2RETAIL,7953.84,V2 Retail Limited,INE945H01021,0.01,1
2415617,AXISCADES,7952.49,AXISCADES Technologies Limited,INE555B01013,0.1,1
194449665,ORKLAINDIA,7924.83,Orkla India Limited,INE16NZ01023,0.05,1
195113729,CORDELIA,7922.86,Waterways Leisure Tourism Limited,INE0LZF01039,0.01,1
1857025,MEDPLUS,7902.37,Medplus Health Services Limited,INE804L01022,0.05,1
5399297,STARCEMENT,7868.58,Star Cement Limited,INE460H01021,0.01,1
251137,EPL,7855.3,EPL Limited,INE255A01020,0.05,1
5051137,GPPL,7847.8,Gujarat Pipavav Port Limited,INE517F01014,0.01,1
1158401,DYNAMATECH,7839.36,Dynamatic Technologies Limited,INE221B01012,1.0,1
7977729,RHIM,7820.21,RHI MAGNESITA INDIA LIMITED,INE743M01012,0.05,1
5815553,ENTERO,7803.25,Entero Healthcare Solutions Limited,INE010601016,0.1,1
6651905,AVL,7794.13,Aditya Vision Limited,INE679V01027,0.05,1
975873,ZEEL,7775.4,Zee Entertainment Enterprises Limited,INE256A01028,0.01,1
194012673,EBGNG,7729.41,GNG Electronics Limited,INE18JU01028,0.05,1
1790465,BSOFT,7712.67,BIRLASOFT LIMITED,INE836A01035,0.05,1
6441473,EUREKAFORB,7694.16,Eureka Forbes Limited,INE0KCE01017,0.05,1
3703297,KIRLFER,7690.3,Kirloskar Ferrous Industries Limited,INE884B01025,0.05,1
3944705,NESCO,7688.59,Nesco Limited,INE317F01035,0.1,1
2060801,MAHLIFE,7681.56,Mahindra Lifespace Developers Limited,INE813A01018,0.05,1
281601,GARFIBRES,7660.51,Garware Technical Fibres Limited,INE276A01018,0.05,1
4911105,SFL,7621.85,Sheela Foam Limited,INE916U01025,0.05,1
6519809,PAISALO,7592.01,Paisalo Digital Limited,INE420C01059,0.01,1
3712257,BALAMINES,7590.26,Balaji Amines Limited,INE050E01027,0.1,1
815617,SKFINDIA,7571.92,SKF India Limited,INE640A01023,0.1,1
2259969,GAEL,7558.89,Gujarat Ambuja Exports Limited,INE036B01030,0.01,1
1700609,SJS,7554.77,S.J.S. Enterprises Limited,INE284S01014,0.1,1
416769,BECTORFOOD,7527.7,Mrs. Bectors Food Specialities Limited,INE495P01020,0.01,1
2681089,POWERMECH,7522.78,Power Mech Projects Limited,INE211R01019,0.1,1
194648577,NEPHROPLUS,7514.27,Nephrocare Health Services Limited,INE428V01029,0.05,1
3550209,AARTIPHARM,7487.89,Aarti Pharmalabs Limited,INE0LRU01027,0.05,1
5067521,CELLO,7485.79,Cello World Limited,INE0LMW01024,0.05,1
4676609,AEROFLEX,7466.1,Aeroflex Industries Limited,INE024001021,0.05,1
6933505,KMEW,7395.22,Knowledge Marine & Engineering Works Limited,INE0CJD01029,0.1,1
806145,BORORENEW,7391.57,BOROSIL RENEWABLES LIMITED,INE666D01022,0.05,1
1891841,SUPRIYA,7383.89,Supriya Lifescience Limited,INE07RO01027,0.05,1
2951681,EMIL,7380.25,Electronics Mart India Limited,INE02YR01019,0.01,1
3336961,SAFARI,7357.44,Safari Industries (India) Limited,INE429E01023,0.1,1
4399873,CYIENTDLM,7327.71,Cyient DLM Limited,INE055S01018,0.05,1
195964161,SYMBIOTEC,7318.45,Symbiotec Pharmalab Limited,INE899I01028,0.05,1
3513601,DCBBANK,7315.34,DCB Bank Limited,INE503A01015,0.01,1
3926273,RAIN,7308.12,Rain Industries Limited,INE855B01025,0.01,1
194990081,POWERICA,7287.49,Powerica Limited,INE921L01032,0.05,1
3849985,CERA,7239.24,Cera Sanitaryware Limited,INE739E01017,0.5,1
1719809,SAPPHIRE,7210.92,Sapphire Foods India Limited,INE806T01020,0.01,1
1688577,SONATSOFTW,7199.42,Sonata Software Limited,INE269A01021,0.05,1
2496001,ETHOSLTD,7190.86,Ethos Limited,INE04TZ01018,0.1,1
297985,NEWGEN,7169.49,Newgen Software Technologies Limited,INE619B01017,0.05,1
3641089,TIIL,7158.03,Technocraft Industries (India) Limited,INE545H01011,0.1,1
369153,SANOFI,7153.31,Sanofi India Limited,INE058A01010,0.1,1
3247617,MBAPL,7062.73,Madhya Bharat Agro Products Limited,INE900L01028,0.01,1
1277953,SHARDACROP,7049.38,Sharda Cropchem Limited,INE221J01015,0.05,1
2292225,TTML,7020.15,Tata Teleservices (Maharashtra) Limited,INE517B01013,0.01,1
194781441,OMNI,6966.72,Omnitech Engineering Limited,INE0UH301010,0.05,1
382465,RBA,6894.34,Restaurant Brands Asia Limited,INE07T201019,0.01,1
2992385,SUPRAJIT,6863.08,Suprajit Engineering Limited,INE399C01030,0.05,1
4999937,BAJAJCON,6850.28,Bajaj Consumer Care Limited,INE933K01021,0.05,1
1586689,FCL,6836.78,Fineotex Chemical Limited,INE045J01034,0.01,1
7583745,AJAXENGG,6744.55,Ajax Engineering Limited,INE274Y01021,0.05,1
7395329,SENORES,6738.1,Senores Pharmaceuticals Limited,INE0RB801010,0.1,1
3577857,TANLA,6653.38,Tanla Platforms Limited,INE483C01032,0.05,1
887297,TFCILTD,6628.45,Tourism Finance Corporation of India Limited,INE305A01023,0.01,1
4630017,DBL,6623.69,Dilip Buildcon Limited,INE917M01012,0.05,1
6333953,CEIGALL,6604.11,Ceigall India Limited,INE0AG901020,0.05,1
2708481,TCI,6583.66,Transport Corporation of India Limited,INE688A01022,0.05,1
2413569,SKIPPER,6582.31,Skipper Limited,INE439E01022,0.05,1
1234433,DODLA,6576.33,Dodla Dairy Limited,INE021O01019,0.1,1
3042305,MANINDS,6574.21,Man Industries (India) Limited,INE993A01026,0.05,1
2538753,NEOGEN,6541.21,Neogen Chemicals Limited,INE136S01016,0.1,1
2396673,CAMPUS,6531.76,Campus Activewear Limited,INE278Y01022,0.01,1
6043393,BALUFORGE,6514.5,Balu Forge Industries Limited,INE011E01029,0.05,1
7496705,VMART,6507.68,V-Mart Retail Limited,INE665J01013,0.05,1
3670785,GANESHHOU,6445.41,GANESH HOUSING LIMITED,INE460C01014,0.05,1
122881,BIRLACORPN,6443.04,Birla Corporation Limited,INE340A01012,0.05,1
1191937,SBCL,6405.59,Shivalik Bimetal Controls Limited,INE386D01027,0.1,1
3785729,SPARC,6390.15,Sun Pharma Advanced Research Company Limited,INE232I01014,0.01,1
4571905,REDTAPE,6360.6,Redtape Limited,INE0LXT01019,0.01,1
578305,MOREPENLAB,6316.81,Morepen Laboratories Limited,INE083A01026,0.01,1
194543105,STYL,6244.09,Seshaasai Technologies Limited,INE04VU01023,0.05,1
857089,SUNFLAG,6224.78,Sunflag Iron And Steel Company Limited,INE947A01014,0.05,1
733697,RCF,6210.35,Rashtriya Chemicals and Fertilizers Limited,INE027A01015,0.01,1
6546945,SHAKTIPUMP,6209.39,Shakti Pumps (India) Limited,INE908D01010,0.05,1
3835393,CENTUM,6206.54,Centum Electronics Limited,INE320B01020,0.1,1
7707649,ABFRL,6192.18,Aditya Birla Fashion and Retail Limited,INE647O01011,0.01,1
194039041,SMARTWORKS,6125.68,Smartworks Coworking Spaces Limited,INE0NAZ01010,0.05,1
2332417,ARVINDFASN,6061.82,Arvind Fashions Limited,INE955V01021,0.05,1
692481,PRAJIND,6007.93,Praj Industries Limited,INE074A01025,0.05,1
194419969,VIKRAMSOLR,6000.95,Vikram Solar Limited,INE078V01014,0.01,1
2305793,NOVARTIND,5995.42,Novartis India Limited,INE234A01025,0.1,1
5202433,FEDFINA,5959.58,Fedbank Financial Services Limited,INE007N01010,0.01,1
3078145,ACI,5932.79,Archean Chemical Industries Limited,INE128X01021,0.05,1
5504257,SIS,5930.74,SIS LIMITED,INE285J01028,0.05,1
193985025,PICCADIL,5919.22,Piccadily Agro Industries Limited,INE546C01010,0.05,1
195403265,KISSHT,5919.02,OnEMI Technology Solutions Limited,INE12F801023,0.05,1
3028225,SSWL,5875.42,Steel Strips Wheels Limited,INE802C01033,0.05,1
701185,PRSMJOHNSN,5799.67,Prism Johnson Limited,INE010A01011,0.01,1
4421377,SENCO,5734.89,Senco Gold Limited,INE602W01027,0.05,1
339969,MARINE,5721.63,Marine Electricals (India) Limited,INE01JE01028,0.05,1
7670273,JUSTDIAL,5687.65,Just Dial Limited,INE599M01018,0.05,1
731905,RAYMOND,5682.49,Raymond Limited,INE301A01014,0.05,1
964097,WHEELS,5651.36,Wheels India Limited,INE715A01015,0.1,1
1253889,FDC,5622.65,FDC Limited,INE258B01022,0.05,1
1327617,STYLAMIND,5614.36,Stylam Industries Limited,INE239C01020,0.1,1
622849,NIRLON,5587.77,Nirlon Limited,INE910A01012,0.05,1
6399745,IBULLSLTD,5580.59,Indiabulls Limited,INE126M01010,0.01,1
787969,SHANTIGEAR,5567.13,Shanthi Gears Limited,INE631A01022,0.05,1
516609,LUMAXIND,5478.71,Lumax Industries Limited,INE162B01018,0.5,1
4690177,LGBBROSLTD,5471.59,LG Balakrishnan & Bros Limited,INE337A01034,0.1,1
4639745,DBREALTY,5434.37,Valor Estate Limited,INE879I01012,0.01,1
2695681,SHARDAMOTR,5432.21,Sharda Motor Industries Limited,INE597I01028,0.05,1
923393,UNIVCABLES,5401.72,Universal Cables Limited,INE279A01012,0.1,1
5803521,RPTECH,5355.29,Rashi Peripherals Limited,INE0J1F01024,0.05,1
4159745,CCAVENUE,5346.85,AvenuesAI Limited,INE483S01020,0.01,1
50945,MASFIN,5342.89,MAS Financial Services Limited,INE348L01012,0.05,1
4532225,QUESS,5304.69,Quess Corp Limited,INE615P01015,0.05,1
3078657,RENUKA,5282.91,Shree Renuka Sugars Limited,INE087H01022,0.01,1
194192129,ELLEN,5263.94,Ellenbarrie Industrial Gases Limited,INE236E01022,0.05,1
3509761,FIEMIND,5229.19,Fiem Industries Limited,INE737H01014,0.1,1
6194177,VADILALIND,5215.85,Vadilal Industries Limited,INE694D01016,0.5,1
3831297,CSBBANK,5213.13,CSB Bank Limited,INE679A01013,0.05,1
4665857,MANINFRA,5193.57,Man Infraconstruction Limited,INE949H01023,0.01,1
2395137,MSTCLTD,5192.35,Mstc Limited,INE255X01014,0.05,1
51969,ASHAPURMIN,5177.99,Ashapura Minechem Limited,INE348A01023,0.05,1
1568001,GOODLUCK,5164.27,Goodluck India Limited,INE127I01024,0.05,1
237057,ORCHPHARMA,5153.57,Orchid Pharma Limited,INE191A01027,0.05,1
1850113,MAPMYINDIA,5146.99,C.E. Info Systems Limited,INE0BV301023,0.1,1
78849,BAJAJHIND,5112.22,Bajaj Hindusthan Sugar Limited,INE306A01021,0.01,1
194318593,SAATVIKGL,5110.26,Saatvik Green Energy Limited,INE13B501022,0.05,1
7452929,CARERATING,5099.05,CARE Ratings Limited,INE752H01013,0.1,1
5332481,MOIL,5090.79,MOIL Limited,INE490G01020,0.01,1
3820033,PURVA,5078.8,Puravankara Limited,INE323I01011,0.01,1
5842945,JUNIPER,5059.48,Juniper Hotels Limited,INE696F01016,0.01,1
194626305,WAKEFIT,5055.6,Wakefit Innovations Limited,INE0E7301029,0.01,1
2226177,VRLLOG,5052.18,VRL Logistics Limited,INE366I01010,0.05,1
891137,THOMASCOOK,5048.91,Thomas Cook  (India)  Limited,INE332A01027,0.01,1
361473,AGI,5033.78,AGI Greenpac Limited,INE415A01038,0.05,1
5496065,OPTIEMUS,5028.13,Optiemus Infracom Limited,INE350C01017,0.05,1
2684161,RAMRAT,5010.51,Ram Ratna Wires Limited,INE207E01023,0.05,1
842753,DEEPINDS,5009.92,Deep Industries Limited,INE0FHS01024,0.05,1
1933569,NRBBEARING,5000.72,NRB Bearing Limited,INE349A01021,0.05,1
6509057,NORTHARC,4997.1,Northern Arc Capital Limited,INE850M01015,0.05,1
543745,MASTEK,4992.03,Mastek Limited,INE759A01021,0.1,1
1377793,EPIGRAL,4960.39,Epigral Limited,INE071N01016,0.1,1
237569,ELECTCAST,4936.82,Electrosteel Castings Limited,INE086A01029,0.01,1
1347585,PDSL,4917.89,PDS Limited,INE111Q01021,0.05,1
6183425,DEEDEV,4916.52,DEE Development Engineers Limited,INE841L01016,0.05,1
6242817,BANSALWIRE,4875.15,Bansal Wire Industries Limited,INE0B9K01025,0.05,1
1768449,VISHNU,4872.28,Vishnu Chemicals Limited,INE270I01022,0.05,1
5587969,TEXRAIL,4791.64,Texmaco Rail & Engineering Limited,INE621L01012,0.01,1
194383617,CRAMC,4787.02,Canara Robeco Asset Management Company Limited,INE218I01013,0.05,1
3816449,KDDL,4786.14,KDDL Limited,INE291D01011,0.1,1
773377,SOTL,4779.35,Savita Oil Technologies Limited,INE035D01020,0.05,1
4641537,YASHO,4772.67,Yasho Industries Limited,INE616Z01012,0.1,1
194520833,SHILCTECH,4757.52,Shilchar Technologies Limited,INE024F01011,0.1,1
727297,LXCHEM,4742.06,Laxmi Organic Industries Limited,INE576O01020,0.01,1
864001,SURYAROSNI,4702.02,Surya Roshni Limited,INE335A01020,0.01,1
274689,FOSECOIND,4691.74,Foseco India Limited,INE519A01011,0.5,1
972545,WSTCSTPAPR,4690.13,West Coast Paper Mills Limited,INE976A01021,0.05,1
2929921,PILANIINVS,4689.98,Pilani Investment and Industries Corporation Limited,INE417C01014,0.1,1
850945,SUBROS,4648.7,Subros Limited,INE287B01021,0.05,1
2924289,DATAMATICS,4612.96,Datamatics Global Services Limited,INE365B01017,0.05,1
4281601,RPGLIFE,4602.31,RPG Life Sciences Limited,INE105J01010,0.1,1
1149697,BOSCH-HCIL,4594.99,BOSCH HOME COMFORT INDIA LIMITED,INE782A01015,0.1,1
2707969,MPSLTD,4593.41,MPS Limited,INE943D01017,0.1,1
7002369,ROSSTECH,4565.81,Rossell Techsys Limited,INE0OJW01016,0.1,1
2402561,PNCINFRA,4551.26,PNC Infratech Limited,INE195J01029,0.01,1
2906881,PTC,4549.35,PTC India Limited,INE877F01012,0.01,1
1351425,ROLEXRINGS,4542.3,Rolex Rings Limited,INE645S01024,0.01,1
195235329,DECNGOLD,4539.53,Deccan Gold Mines Limited,INE945F01025,0.01,1
669697,SEAMECLTD,4523.38,Seamec Limited,INE497B01018,0.1,1
5202689,RESPONIND,4520.08,Responsive Industries Limited,INE688D01026,0.01,1
89601,BANARISUG,4502.25,Bannari Amman Sugars Limited,INE459A01010,0.1,1
194266369,SGFIN,4428.14,SG Finserve Limited,INE618R01015,0.05,1
3128065,RUSTOMJEE,4424.97,Keystone Realtors Limited,INE263M01029,0.05,1
4315905,SINDHUTRAD,4386.72,Sindhu Trade Links Limited,INE325D01025,0.01,1
6248705,DHANUKA,4367.34,Dhanuka Agritech Limited,INE435G01025,0.05,1
194811137,AYE,4355.64,Aye Finance Limited,INE501X01029,0.01,1
3618305,PITTIENG,4324.06,Pitti Engineering Limited,INE450D01021,0.1,1
866305,SWARAJENG,4314.42,Swaraj Engines Limited,INE277A01016,0.1,1
26625,SHAREINDIA,4295.98,Share India Securities Limited,INE932X01026,0.01,1
947969,VIPIND,4283.63,VIP Industries Limited,INE054A01027,0.05,1
3197185,SWSOLAR,4265.63,Sterling and Wilson Renewable Energy Limited,INE00M201021,0.01,1
4516097,SUNTECK,4255.48,Sunteck Realty Limited,INE805D01034,0.05,1
4835585,KSL,4236.78,Kalyani Steels Limited,INE907A01026,0.05,1
6300161,AVANTEL,4226.66,Avantel Limited,INE005B01027,0.01,1
6418689,RAYMONDLSL,4188.19,Raymond Lifestyle Limited,INE02ID01020,0.05,1
6192641,SYMPHONY,4168.01,Symphony Limited,INE225D01027,0.05,1
3024129,SHOPERSTOP,4160.81,Shoppers Stop Limited,INE498B01024,0.05,1
3612417,NETWORK18,4143.86,Network18 Media & Investments Limited,INE870H01013,0.01,1
2497537,EMUDHRA,4084.95,eMudhra Limited,INE01QM01018,0.05,1
3038209,63MOONS,4084.17,63 moons technologies limited,INE111B01023,0.05,1
7374081,SANATHAN,4077.56,Sanathan Textiles Limited,INE0JPD01013,0.05,1
2857473,HARSHA,4071.49,Harsha Engineers International Limited,INE0JUS01029,0.05,1
2455553,VENUSPIPES,4037.78,Venus Pipes & Tubes Limited,INE0JA001018,0.1,1
7541505,MOSCHIP,4027.37,Moschip Technologies Limited,INE935B01025,0.01,1
3871745,KOLTEPATIL,4000.8,Kolte - Patil Developers Limited,INE094I01018,0.05,1
1147137,AARTIDRUGS,3988.5,Aarti Drugs Limited,INE767A01016,0.05,1
98561,MAHLOG,3972.09,Mahindra Logistics Limited,INE766P01016,0.05,1
4565249,AHLUCONT,3967.67,Ahluwalia Contracts (India) Limited,INE758C01029,0.05,1
4437249,MHRIL,3964.36,Mahindra Holidays & Resorts India Limited,INE998I01010,0.01,1
3481089,ANTELOPUS,3952.6,Antelopus Selan Energy Limited,INE818A01017,0.05,1
720897,RALLIS,3948.89,Rallis India Limited,INE613A01020,0.01,1
3668225,SMSPHARMA,3909.5,SMS Pharmaceuticals Limited,INE812G01025,0.05,1
193988353,SAMBHV,3904.69,Sambhv Steel Tubes Limited,INE12NJ01018,0.01,1
3848705,BAJAJELEC,3898.43,Bajaj Electricals Limited,INE193E01025,0.05,1
3065601,RML,3893.8,Rane (Madras) Limited,INE050H01012,0.1,1
4485121,RTNPOWER,3893.33,RattanIndia Power Limited,INE399K01017,0.01,1
288513,GHCL,3892.99,GHCL Limited,INE539A01019,0.05,1
1321473,TATVA,3881.21,Tatva Chintan Pharma Chem Limited,INE0GK401011,0.1,1
194436353,MIDWESTLTD,3852.93,Midwest Limited,INE0XAD01024,0.1,1
6988033,RTNINDIA,3811.25,RattanIndia Enterprises Limited,INE834M01019,0.01,1
194189057,RAYMONDREL,3807.07,Raymond Realty Limited,INE1SY401010,0.05,1
404737,TARC,3793.76,TARC Limited,INE0EK901012,0.01,1
6929153,VSSL,3790.08,Vardhman Special Steels Limited,INE050M01012,0.05,1
613633,SANDHAR,3784.53,Sandhar Technologies Limited,INE278H01035,0.05,1
4865,STYRENIX,3770.71,Styrenix Performance Materials Limited,INE189B01011,0.1,1
3598849,SANGHVIMOV,3758.7,Sanghvi Movers Limited,INE989A01032,0.05,1
5228801,NACLIND,3735.95,NACL Industries Limited,INE295D01020,0.01,1
6966529,EIEL,3715.09,Enviro Infra Engineers Limited,INE0LLY01014,0.01,1
760833,ORIENTELEC,3705.31,Orient Electric Limited,INE142Z01019,0.01,1
4547585,REFEX,3704.48,Refex Industries Limited,INE056I01025,0.05,1
4524801,ALOKINDS,3674.28,Alok Industries Limited,INE270A01029,0.01,1
687873,POLYPLEX,3667.15,Polyplex Corporation Limited,INE633B01018,0.1,1
194525953,CAPILLARY,3654.92,Capillary Technologies India Limited,INE0ILV01024,0.05,1
3372801,NITINSPIN,3651.49,Nitin Spinners Limited,INE229H01012,0.05,1
1946369,CMSINFO,3644.48,CMS Info Systems Limited,INE925R01014,0.01,1
2909185,VAIBHAVGBL,3621.71,Vaibhav Global Limited,INE884A01027,0.01,1
3077633,AURIONPRO,3610.76,Aurionpro Solutions Limited,INE132H01018,0.05,1
194357761,TRUALT,3598.61,TruAlt Bioenergy Limited,INE0MWH01014,0.05,1
4453633,PREMEXPLN,3587.67,Premier Explosives Limited,INE863B01029,0.05,1
193618945,NPST,3585.39,Network People Services Technologies Limited,INE0FFK01017,0.1,1
3706625,DIVGIITTS,3582.18,Divgi Torqtransfer Systems Limited,INE753U01022,0.1,1
4765185,SAMHI,3562.2,Samhi Hotels Limited,INE08U801020,0.01,1
7714305,PRABHA,3543.59,Prabha Energy Limited,INE0I0M01023,0.01,1
6218753,VSTTILLERS,3531.45,V.S.T Tillers Tractors Limited,INE764D01017,0.1,1
47105,TCPLPACK,3501.69,TCPL Packaging Limited,INE822C01015,0.1,1
953345,VSTIND,3500.4,VST Industries Limited,INE710A01016,0.01,1
6247169,ASHIANA,3497.26,Ashiana Housing Limited,INE365D01021,0.05,1
199937,DALMIASUG,3492.53,Dalmia Bharat Sugar and Industries Limited,INE495A01022,0.05,1
3682561,POCL,3490.11,Pondy Oxides & Chemicals Limited,INE063E01061,0.05,1
3912449,KNRCON,3478.31,KNR Constructions Limited,INE634I01029,0.01,1
6257921,AGIIL,3458.68,Agi Infra Limited,INE976R01033,0.05,1
2307585,ANUP,3444.21,The Anup Engineering Limited,INE294Z01018,0.1,1
194391553,PACEDIGITK,3432.04,Pace Digitek Limited,INE0S3G01027,0.01,1
5344513,PSPPROJECT,3429.21,PSP Projects Limited,INE488V01015,0.05,1
940033,SOLARA,3412.52,Solara Active Pharma Sciences Limited,INE624Z01016,0.05,1
3564801,NFL,3407.07,National Fertilizers Limited,INE870D01012,0.01,1
6280193,FILATEX,3385.95,Filatex India Limited,INE816B01035,0.01,1
4577537,DBCORP,3380.96,D.B.Corp Limited,INE950I01011,0.01,1
4617985,ADVENZYMES,3363.53,Advanced Enzyme Technologies Limited,INE837H01020,0.05,1
481025,CARYSIL,3351.96,CARYSIL LIMITED,INE482D01024,0.1,1
4385281,PARAGMILK,3350.58,Parag Milk Foods Limited,INE883N01014,0.05,1
1577985,BHAGCHEM,3348.06,Bhagiradha Chemicals & Industries Limited,INE414D01027,0.05,1
6921473,TBZ,3344.87,Tribhovandas Bhimji Zaveri Limited,INE760L01018,0.05,1
945665,VINDHYATEL,3339.93,Vindhya Telelinks Limited,INE707A01012,0.1,1
2893057,LUXIND,3335.55,Lux Industries Limited,INE150G01020,0.1,1
2916865,ZOTA,3335.08,Zota Health Care LImited,INE358U01012,0.1,1
768513,WONDERLA,3291.96,Wonderla Holidays Limited,INE066O01014,0.05,1
5332737,MUTHOOTMF,3290.41,Muthoot Microfin Limited,INE046W01019,0.01,1
7399937,MAYURUNIQ,3287.41,Mayur Uniquoters Ltd,INE040D01038,0.05,1
195974145,LUMINO,3287.05,Lumino Industries Limited,INE185Q01025,0.01,1
1741569,STEELCAS,3274.33,Steelcast Limited,INE124E01038,0.05,1
3738113,WEBELSOLAR,3273.16,Websol Energy System Limited,INE855C01023,0.01,1
625153,NOCIL,3262.16,NOCIL Limited,INE163A01018,0.01,1
107265,BEPL,3242.38,Bhansali Engineering Polymers Limited,INE922A01025,0.01,1
193741313,OSWALPUMPS,3233.18,Oswal Pumps Limited,INE0BYP01024,0.05,1
5166593,ASHOKA,3187.05,Ashoka Buildcon Limited,INE442H01029,0.01,1
194548737,ARSSBL,3166.25,Anand Rathi Share and Stock Brokers Limited,INE549H01021,0.05,1
32769,ROUTE,3154.88,ROUTE MOBILE LIMITED,INE450U01017,0.05,1
4966657,BOROLTD,3154.48,Borosil Limited,INE02PY01013,0.01,1
194009601,CRIZAC,3144.44,Crizac Limited,INE0S4R01014,0.01,1
195299585,SEIL,3139.82,Shanti Educational Initiatives Limited,INE440T01028,0.01,1
7393025,CARRARO,3137.92,Carraro India Limited,INE0V7W01012,0.05,1
4714753,RISHABH,3132.71,Rishabh Instruments Limited,INE0N2P01017,0.05,1
39425,APCOTEXIND,3130.4,Apcotex Industries Limited,INE116A01032,0.05,1
239617,DPABHUSHAN,3125.83,D. P. Abhushan Limited,INE266Y01019,0.1,1
293121,GIPCL,3124.5,Gujarat Industries Power Company Limited,INE162A01010,0.01,1
619777,NILKAMAL,3110.34,Nilkamal Limited,INE310A01015,0.1,1
3544065,MMFL,3109.82,MM Forgings Limited,INE227C01017,0.05,1
4543233,NIITMTS,3095.86,NIIT Learning Systems Limited,INE342G01023,0.01,1
4107521,PRINCEPIPE,3095.2,Prince Pipes And Fittings Limited,INE689W01016,0.05,1
6392065,WINDMACHIN,3092.4,Windsor Machines Limited,INE052A01021,0.05,1
194712065,BUILDPRO,3085.0,Shankara Buildpro Limited,INE24OJ01011,0.1,1
3054593,FUSION,3083.61,Fusion Finance Limited,INE139R01012,0.01,1
6296577,RELTD,3079.3,Ravindra Energy Limited,INE206N01018,0.01,1
195649281,CMLL,3077.89,Caliber Mining and Logistics Limited,INE11XY01018,0.05,1
6281729,MAITHANALL,3073.02,Maithan Alloys Limited,INE683C01011,0.05,1
195312385,TECHNVISN,3017.02,TechNVision Ventures Limited,INE314H01012,0.5,1
5058817,ADFFOODS,3010.81,ADF Foods Limited,INE982B01027,0.05,1
86529,BALMLAWRIE,2976.83,Balmer Lawrie & Company Limited,INE164A01016,0.01,1
6500353,PANAMAPET,2974.17,Panama Petrochem Limited,INE305C01029,0.05,1
2920193,XPROINDIA,2970.18,Xpro India Limited,INE445C01015,0.1,1
449537,JINDALPOLY,2965.65,Jindal Poly Films Limited,INE197D01010,0.05,1
6429185,STYLEBAAZA,2960.58,Baazar Style Retail Limited,INE01FR01028,0.05,1
4776705,MARATHON,2957.44,Marathon Nextgen Realty Limited,INE182D01020,0.05,1
1144577,ELPROINTL,2944.87,Elpro International Limited,INE579B01039,0.01,1
1965825,MONARCH,2941.94,Monarch Networth Capital Limited,INE903D01011,0.05,1
2620929,CONFIPET,2918.41,Confidence Petroleum India Limited,INE552D01024,0.01,1
2885377,DREDGECORP,2885.96,Dredging Corporation of India Limited,INE506A01018,0.1,1
3433985,RSYSTEMS,2880.04,R Systems International Limited,INE411H01032,0.01,1
2877185,NSIL,2878.31,Nalwa Sons Investments Limited,INE023A01030,0.5,1
5776897,BLSE,2870.11,BLS E-Services Limited,INE0NLT01010,0.05,1
5364737,SUNCLAY,2855.42,Sundaram Clayton Limited,INE0Q3R01026,0.1,1
1071105,SANGAMIND,2845.43,Sangam (India) Limited,INE495C01010,0.05,1
3353857,VIMTALABS,2837.4,Vimta Labs Limited,INE579C01029,0.05,1
8705,ADOR,2825.17,Ador Welding Limited,INE045A01017,0.1,1
610561,NAVNETEDUL,2824.67,Navneet Education Limited,INE060A01024,0.01,1
539137,MANGLMCEM,2823.15,Mangalam Cement Limited,INE347A01017,0.1,1
1777665,GANECOS,2803.68,Ganesha Ecosphere Limited,INE845D01014,0.1,1
1394945,CHEMPLASTS,2785.1,Chemplast Sanmar Limited,INE488A01050,0.01,1
194220801,EFCIL,2781.98,EFC (I) Limited,INE886D01026,0.01,1
539393,STOVEKRAFT,2781.18,Stove Kraft Limited,INE00IN01015,0.05,1
2078465,RPSGVENT,2779.92,RPSG VENTURES LIMITED,INE425Y01011,0.05,1
1174273,RAMCOIND,2775.02,Ramco Industries Limited,INE614A01028,0.05,1
2747649,SPORTKING,2746.88,Sportking India Limited,INE885H01029,0.01,1
2676993,ARVSMART,2738.49,Arvind SmartSpaces Limited,INE034S01021,0.05,1
20225,ALEMBICLTD,2734.73,Alembic Limited,INE426A01027,0.01,1
3067649,SASKEN,2700.44,Sasken Technologies Limited,INE231F01020,0.1,1
2178561,GATEWAY,2680.59,Gateway Distriparks Limited,INE079J01017,0.01,1
5064449,MUFIN,2679.55,Mufin Green Finance Limited,INE08KJ01020,0.01,1
5591041,DIAMONDYD,2669.63,Prataap Snacks Limited,INE393P01035,0.1,1
3016193,EVEREADY,2661.81,Eveready Industries India Limited,INE128A01029,0.05,1
5197569,GANDHAR,2655.47,Gandhar Oil Refinery (India) Limited,INE717W01049,0.05,1
7449089,DDEVPLSTIK,2649.0,Ddev Plastiks Industries Limited,INE0HR601026,0.05,1
4460545,GLOBUSSPR,2635.04,Globus Spirits Limited,INE615I01010,0.05,1
4443649,UTKARSHBNK,2633.7,Utkarsh Small Finance Bank Limited,INE735W01017,0.01,1
5556225,DCAL,2625.96,Dishman Carbogen Amcis Limited,INE385W01011,0.01,1
5143553,TASTYBITE,2617.58,Tasty Bite Eatables Limited,INE488B01017,1.0,1
4643585,DOLPHIN,2616.3,Dolphin Offshore Enterprises (India) Limited,INE920A01037,0.05,1
194316289,GKENERGY,2596.26,GK Energy Limited,INE1AG301022,0.01,1
1799681,ASIANENE,2594.54,Asian Energy Services Limited,INE276G01015,0.05,1
3493889,TALBROAUTO,2593.82,Talbros Automotive Components Limited,INE187D01029,0.05,1
7702785,ORIENTCEM,2590.03,Orient Cement Limited,INE876N01018,0.01,1
4672513,SPAL,2588.55,S. P. Apparels Limited,INE212I01016,0.1,1
4854273,RAJRATAN,2587.54,Rajratan Global Wire Limited,INE451D01029,0.05,1
6613761,VINCOFE,2577.66,Vintage Coffee And Beverages Limited,INE498Q01014,0.01,1
2994945,PATELENG,2566.21,Patel Engineering Limited,INE244B01030,0.01,1
194508033,EUROPRATIK,2532.01,Euro Pratik Sales Limited,INE198501012,0.05,1
425729,SUNDROP,2522.49,Sundrop Brands Limited,INE209A01019,0.05,1
3522817,BBL,2521.95,Bharat Bijlee Limited,INE464A01036,0.1,1
5215233,FLAIR,2514.1,Flair Writing Industries Limited,INE00Y201027,0.01,1
7398145,KITEX,2506.72,Kitex Garments Limited,INE602G01020,0.01,1
71169,AUTOAXLES,2505.41,Automotive Axles Limited,INE449A01011,0.1,1
3676417,APOLLOPIPE,2500.55,Apollo Pipes Limited,INE126J01016,0.05,1
638209,ORIENTHOT,2497.0,Oriental Hotels Limited,INE750A01020,0.01,1
4968961,ROSSARI,2489.97,Rossari Biotech Limited,INE02A801020,0.05,1
3608577,SIYSIL,2481.74,Siyaram Silk Mills Limited,INE076B01028,0.05,1
4763649,ZAGGLE,2477.85,Zaggle Prepaid Ocean Services Limited,INE07K301024,0.01,1
304641,FMGOETZE,2467.56,Federal-Mogul Goetze (India) Limited.,INE529A01010,0.05,1
5874433,EXICOM,2457.96,Exicom Tele-Systems Limited,INE777F01014,0.01,1
2828801,SIRCA,2456.94,Sirca Paints India Limited,INE792Z01011,0.05,1
2441985,SAKAR,2452.46,Sakar Healthcare Limited,INE732S01012,0.05,1
5102337,ORISSAMINE,2444.7,The Orissa Minerals Development Company Limited,INE725E01024,0.1,1
3588865,VEEDOL,2443.35,Veedol Corporation Limited,INE484C01030,0.1,1
728065,RANEHOLDIN,2434.08,Rane Holdings Limited,INE384A01010,0.1,1
4518657,POKARNA,2419.71,Pokarna Limited,INE637C01025,0.05,1
5556481,MEDIASSIST,2413.24,Medi Assist Healthcare Services Limited,INE456Z01021,0.05,1
194368257,EPACKPEB,2405.38,EPack Prefab Technologies Limited,INE0MLS01022,0.01,1
3404801,NITCO,2405.28,Nitco Limited,INE858F01012,0.01,1
961793,VENKEYS,2404.29,Venky's (India) Limited,INE398A01010,0.1,1
5278977,PENIND,2402.89,Pennar Industries Limited,INE932A01024,0.01,1
2675969,SATIN,2389.05,Satin Creditcare Network Limited,INE836B01017,0.01,1
193960449,FISCHER,2388.58,Fischer Medical Ventures Limited,INE771F01041,0.01,1
5798145,PARKHOTELS,2381.9,Apeejay Surrendra Park Hotels Limited,INE988S01028,0.01,1
1038081,PANACEABIO,2380.51,Panacea Biotec Limited,INE922B01023,0.05,1
195721473,SHUKRAPHAR,2378.93,Shukra Pharmaceuticals Limited,INE551C01044,0.01,1
2326273,PIXTRANS,2354.84,Pix Transmissions Limited,INE751B01018,0.1,1
4430593,AJMERA,2336.75,Ajmera Realty & Infra India Limited,INE298G01035,0.01,1
1373697,WINDLAS,2330.66,Windlas Biotech Limited,INE0H5O01029,0.05,1
5154305,RAMKY,2324.35,Ramky Infrastructure Limited,INE874I01013,0.05,1
131329,BOMDYEING,2323.72,Bombay Dyeing & Mfg Company Limited,INE032A01023,0.01,1
194988801,SAIPARENT,2308.59,Sai Parenterals Limited,INE0H9F01037,0.05,1
2009857,RAMCOSYS,2295.65,Ramco Systems Limited,INE246B01019,0.05,1
993281,SOMANYCERA,2295.49,Somany Ceramics Limited,INE355A01028,0.05,1
1738753,SBC,2288.09,SBC Exports Limited,INE04AK01028,0.01,1
189953,COSMOFIRST,2286.0,COSMO FIRST LIMITED,INE757A01017,0.05,1
6501889,ARKADE,2282.55,Arkade Developers Limited,INE0QRL01017,0.01,1
195685633,MVELECTRO,2279.34,MV Electrosystems Limited,INE0OWZ01020,0.05,1
1718529,MOLDTKPAC,2277.68,Mold-Tek Packaging Limited,INE893J01029,0.05,1
194728193,ADVAIT,2250.35,Advait Energy Transitions Limited,INE0ALI01010,0.1,1
3802369,OMAXE,2248.3,Omaxe Limited,INE800H01010,0.01,1
4716289,RATNAVEER,2227.8,Ratnaveer Precision Engineering Limited,INE05CZ01011,0.05,1
2275841,VERANDA,2224.57,Veranda Learning Solutions Limited,INE0IQ001011,0.01,1
3045377,GEOJITFSL,2218.18,Geojit Financial Services Limited,INE007B01023,0.01,1
693249,PRAKASH,2216.67,Prakash Industries Limited,INE603A01013,0.01,1
7577089,REPCOHOME,2213.42,Repco Home Finance Limited,INE612J01015,0.05,1
2666753,DYCL,2203.17,Dynamic Cables Limited,INE600Y01019,0.05,1
4759809,EMSLIMITED,2173.48,EMS Limited,INE0OV601013,0.05,1
194914817,MARSONS,2157.79,Marsons Limited,INE415B01044,0.01,1
6292993,SANSTAR,2150.48,Sanstar Limited,INE08NE01025,0.01,1
3571457,PARACABLES,2149.64,Paramount Communications Limited,INE074B01023,0.01,1
2394625,TAJGVK,2148.15,Taj GVK Hotels & Resorts Limited,INE586B01026,0.05,1
1014529,GOCLCORP,2142.52,GOCL Corporation Limited,INE077F01035,0.05,1
194987521,AEROPLANE,2142.48,Amir Chand Jagdish Kumar (Exports) Limited,INE05TO01019,0.01,1
4419329,ARMANFIN,2141.33,Arman Financial Services Limited,INE109C01017,0.1,1
193995265,BRIGHOTEL,2140.79,Brigade Hotel Ventures Limited,INE03NU01014,0.01,1
611329,NELCO,2139.34,NELCO Limited,INE045B01015,0.05,1
714753,EASEMYTRIP,2105.74,Easy Trip Planners Limited,INE07O001026,0.01,1
194519553,BETA,2105.52,Beta Drugs Limited,INE351Y01019,0.1,1
6404353,BODALCHEM,2092.06,Bodal Chemicals Limited,INE338D01028,0.01,1
471297,KCP,2091.23,KCP Limited,INE805C01028,0.01,1
194327809,SHRINGARMS,2090.55,Shringar House of Mangalsutra Limited,INE1B3L01017,0.01,1
299009,GMBREW,2084.78,GM Breweries Limited,INE075D01018,0.05,1
195227649,BNAGROCHEM,2072.79,BN Agrochem Limited,INE00HZ01011,0.01,1
2899201,MUKANDLTD,2060.07,Mukand Limited,INE304A01026,0.01,1
2927361,SPANDANA,2057.94,Spandana Sphoorty Financial Limited,INE572J01011,0.01,1
4921089,TCIEXP,2056.95,TCI Express Limited,INE586V01016,0.05,1
193925121,BLUSPRING,2054.91,Bluspring Enterprises Limited,INE0U4101014,0.01,1
5255937,BAJEL,2052.69,Bajel Projects Limited,INE0KQN01018,0.01,1
3729153,BFUTILITIE,2050.81,BF Utilities Limited,INE243D01012,0.05,1
2261249,BCG,2038.71,Brightcom Group Limited,INE425B01027,0.01,1
809473,SIMPLEXINF,2022.86,Simplex Infrastructures Limited,INE059B01024,0.05,1
194319873,RHETAN,2013.7,Rhetan TMT Limited,INE0KKN01029,0.01,1
7548673,NIBE,2012.44,NIBE Limited,INE149O01018,0.1,1
5160961,CANTABIL,2007.81,Cantabil Retail India Limited,INE068L01024,0.01,1
2791681,GENESYS,2003.73,Genesys International Corporation Limited,INE727B01026,0.01,1
7544833,PROTEAN,2001.61,Protean eGov Technologies Limited,INE004A01022,0.05,1
