SYMBOL,market_cap_crores
AAKASH,92.54
AARTIPHARM,7487.89
AAREYDRUGS,319.23
AARON,286.86
ACI,5932.79
ABANSENT,193.76
A2ZINFRA,264.86
AARVI,211.96
ACL,393.39
360ONE,44624.24
ABBOTINDIA,53675.74
3MINDIA,36949.43
ABB,155307.65
21STCENMGM,40.92
AARTIDRUGS,3988.5
ACC,23554.16
ABMKNO,362.74
5PAISA,1558.74
ACUTAAS,28257.0
ABCOTS,451.46
AARTIIND,18283.24
ACCELYA,1668.91
ABSLAMC,31496.67
AADHARHFC,20275.83
ABREL,14788.68
AAATECH,118.99
AAVAS,10198.04
ABDL,17102.88
ACMESOLAR,28057.43
ACE,13345.41
63MOONS,4084.17
20MICRONS,747.62
ABCAPITAL,109501.94
ABLBL,10202.96
ABFRL,6192.18
ACEINTEG,18.25
ADANIGREEN,213984.65
ADROITINFO,62.25
ADANIPOWER,411728.23
ADL,39.67
ADANIENSOL,170223.04
ADANIPORTS,407339.97
ADVAIT,2250.35
ADSL,558.24
ADANIENT,416567.51
ADFFOODS,3010.81
ADVANIHOTR,447.68
ADVENTHTL,714.15
ADVENZYMES,3363.53
AEROENTER,1527.83
AEPL,440.82
AEQUS,15059.03
AEGISVOPAK,32336.73
AETHER,21771.35
ADOR,2825.17
AEROFLEX,7466.1
ADVANCE,765.19
AEROPLANE,2142.48
AERONEU,180.65
AFIL,381.51
AEGISLOG,45896.76
AGL,1524.3
AFSL,1023.25
AFCONS,9593.66
AGARWALEYE,16113.83
AFFORDABLE,192.39
AFFLE,22434.03
AGARIND,648.94
AGI,5033.78
AGIIL,3458.68
AGROPHOS,47.38
AHCL,932.28
AHLEAST,234.91
AGRITECH,58.85
AIAENG,38413.46
AHLADA,45.6
AHLUCONT,3967.67
AIRAN,213.03
AIROLAM,128.07
AJAXENGG,6744.55
AJMERA,2336.75
AKSHAR,33.07
AKASH,41.95
AIIL,43505.82
AJANTPHARM,43985.58
AKG,34.1
ALGOQUANT,1797.33
AJOONI,60.29
AKCAPIT,1123.65
ALANKIT,217.2
ALIVUS,17067.69
ALICON,1209.91
ALBERTDAVD,485.11
AKUMS,11477.3
ALEMBICLTD,2734.73
ALKALI,80.64
ALLDIGI,1223.18
ALPA,131.76
ALLTIME,1376.71
ALLCARGO,1836.28
AMAGI,12375.67
ALKEM,61432.5
ALKYLAMINE,9821.6
ALOKINDS,3674.28
ALPINETEX,222.67
ALMONDZ,341.75
AMBICAAGAR,43.79
AMDIND,107.41
AMBIKCO,919.95
AMBER,25674.93
AMBUJACEM,98299.37
AMJLAND,157.11
ANANTRAJ,21911.11
AMNPLST,923.9
ANANDRATHI,36570.59
ANDHRSUGAR,1307.92
ANDHRAPAP,1443.25
AMRUTANJAN,1425.5
AMARJOTHI,102.84
ANNAPURNA,294.64
ANGELONE,27163.93
ANUHPHR,914.14
ANTELOPUS,3952.6
ANMOL,87.31
ANURAS,14016.05
ANIKINDS,123.2
ANTGRAPHIC,11.16
ANTHEM,52930.3
APARINDS,72615.01
ANUP,3444.21
ANSALBU,59.74
APCL,289.66
ANDREWYU,1308.92
APLAPOLLO,60940.47
APEX,1170.94
APLLTD,16047.41
APOLLOTYRE,26539.95
APOLLO,15354.49
APCOTEXIND,3130.4
APTUS,12630.62
APOLLOHOSP,127968.34
APOLLOPIPE,2500.55
APOLSINHOT,319.56
ARCHIDPLY,201.03
ARCHIES,42.29
APOORVA,53.05
AQYLON,555.16
ARIHANT,959.54
ARIHANTSUP,949.99
ARIHANTCAP,838.21
ARE&M,14993.44
ARKADE,2282.55
ARCL,190.4
AROGRANITE,37.01
ARENTERP,10.54
ARDEE,1658.59
ARFIN,1485.94
ARMANFIN,2141.33
ARIS,1038.62
ARVEE,215.17
ARVSMART,2738.49
ARTNIRMAN,99.5
ARVINDFASN,6061.82
ARVIND,15500.87
ARSSBL,3166.25
ASAL,740.15
ASHIMASYN,327.36
ASHIANA,3497.26
ASAHIINDIA,24885.99
ASHOKA,3187.05
ASALCBR,1402.03
ASHOKAMET,35.84
ASIANPAINT,239478.94
ASIANENE,2594.54
ARYAMAN,765.44
ASHAPURMIN,5177.99
ASHOKLEY,97576.47
ASPINWALL,195.57
ASTERDM,66813.69
ASKAUTOLTD,12270.16
ASIANHOTNR,1629.23
ASTAR,940.8
ASTRAMICRO,16110.27
ASTEC,1594.96
ASIANTILES,1493.94
ATHERENERG,65768.8
ASTRAL,39196.06
ATALREAL,189.19
ASIANTNE,23.02
ATGL,66285.56
ASTRAZEN,17151.25
ATLANTAA,305.71
ATUL,18713.18
ATAM,61.56
ATLASCYCLE,63.78
ATL,718.27
AUBANK,79040.89
AUSOMENT,208.44
ATULAUTO,1247.84
AUROPHARMA,95996.05
AVALON,14894.69
AURIONPRO,3610.76
AURUM,1691.11
ATLANTAELE,13882.92
AUTOAXLES,2505.41
AUTOIND,382.29
AVANTEL,4226.66
AVADHSUGAR,1590.36
AVANTIFEED,11108.11
AVONMORE,400.42
AVL,7794.13
AVROIND,11.19
AWFIS,1786.22
AVANCE,162.52
AWHCL,1058.69
AXISBANK,387932.9
AXITA,306.14
AVTNPL,1379.69
AWL,23989.05
AYE,4355.64
BAGFILMS,97.19
AXISCADES,7952.49
AYMSYNTEX,1723.07
BAJAJHCARE,1122.06
BAJAJ-AUTO,323389.16
BAJAJELEC,3898.43
BAIDFIN,190.3
BAJAJHLDNG,122333.83
BAJAJFINSV,310527.49
AZADIND,472.51
BAJAJHFL,70143.99
BAJAJINDEF,707.3
BAJAJHIND,5112.22
BAJAJCON,6850.28
BAJEL,2052.69
BALAJEE,208.25
AZAD,17911.75
BALAXI,128.3
BALAMINES,7590.26
BAJFINANCE,649152.28
BALKRISHNA,52.45
BALUFORGE,6514.5
BALPHARMA,169.1
BALMLAWRIE,2976.83
BANCOINDIA,8975.59
BALAJITELE,1119.18
BALRAMCHIN,14920.8
BANARISUG,4502.25
BANARBEADS,72.94
BANDHANBNK,28033.96
BANKA,85.12
BANG,46.8
BBL,2521.95
BBTC,10010.17
BANKINDIA,64192.62
BANSALWIRE,4875.15
BAYERCROP,17879.76
BASF,15965.04
BANSWRAS,386.96
BATLIBOI,404.21
BBOX,13228.48
BALKRISIND,42394.46
BANKBARODA,122881.91
BCLIND,1036.61
BDL,43804.22
BATAINDIA,8396.06
BCONCEPTS,192.84
BCG,2038.71
BBTCL,482.69
BEDMUTHA,339.96
BCPL,118.82
BEL,296046.04
BEARDSELL,96.19
BELLACASA,350.9
BEML,16899.34
BELRISE,22089.75
BECTORFOOD,7527.7
BESTAGRO,678.84
BERGEPAINT,54079.21
BEPL,3242.38
BFUTILITIE,2050.81
BETA,2105.52
BHANDARI,99.89
BHAGYANGR,1447.72
BHARATSE,1363.26
BHARATRAS,1941.67
BHARATWIRE,1191.32
BHARTIHEXA,76960.0
BHAGCHEM,3348.06
BFINVEST,1689.77
BHARATFORG,93461.55
BHARTIARTL,1147289.22
BHEL,149554.62
BIKAJI,14195.44
BENARAS,1395.68
BIGBLOC,574.37
BIL,1450.6
BLIL,1585.33
BIRLACABLE,1123.95
BLACKBUCK,10672.17
BIMETAL,246.71
BIOCON,63772.12
BIRLAMONEY,694.5
BIRLACORPN,6443.04
BLKASHYAP,1252.55
BLS,9696.7
BIRLANU,1081.82
BLBLIMITED,84.48
BIOFILCHEM,59.87
BLSE,2870.11
BLUECOAST,42.96
BLUEDART,11585.4
BNAGROCHEM,2072.79
BLUESTARCO,31126.78
BOHRAIND,27.9
BODALCHEM,2092.06
BONLON,65.94
BMWVENTLTD,473.38
BLUSPRING,2054.91
BLUEJET,9979.47
BOMDYEING,2323.72
BOSCH-HCIL,4594.99
BORORENEW,7391.57
BLAL,671.43
BLUESTONE,13064.87
BOROSCI,1114.47
BOSCHLTD,143867.23
BPCL,129459.32
BOROLTD,3154.48
BSHSL,932.26
BRITANNIA,120650.93
BRIGADE,21238.06
BRIGHOTEL,2140.79
BRNL,139.78
BPL,231.95
BORANA,846.39
BSL,125.63
BROOKS,188.08
CAMPUS,6531.76
BRIGHTBR,145.27
BTML,141.54
BUTTERFLY,1091.28
CAMS,17678.79
BVCL,96.26
BSE,134266.27
BUILDPRO,3085.0
BSOFT,7712.67
CANHLIFE,14435.88
CAPITALSFB,1237.33
CAPILLARY,3654.92
CAMLINFINE,1989.49
CANTABIL,2007.81
CANBK,113020.31
CAPACITE,1660.35
CANFINHOME,10415.35
CCHHL,204.33
CASTROLIND,18601.44
CCAVENUE,5346.85
CAPLIPOINT,21248.31
CARTRADE,14721.95
CARBORUNIV,20768.9
CARYSIL,3351.96
CARERATING,5099.05
CARRARO,3137.92
CCCL,632.16
CCL,14624.22
CEINSYS,1434.23
CDSL,28319.5
CEMPRO,21506.09
CEIGALL,6604.11
CENTUM,6206.54
CENTURYPLY,16308.61
CELEBRITY,43.38
CEATLTD,13331.14
CERA,7239.24
CELLO,7485.79
CENTRUM,1039.65
CESC,19562.77
CENTRALBK,27896.42
CENTEXT,182.4
CHALET,19174.03
CGCL,26194.64
CENTENKA,1243.52
CEWATER,579.29
CGPOWER,144082.78
CHEMPLASTS,2785.1
CFEL,112.39
CHAMBLFERT,16737.25
CHOICEIN,17162.7
CGVAK,73.86
CHEMCRUX,126.65
CHEVIOT,698.63
CIEINDIA,14484.06
CHEMBOND,303.69
CHOLAFIN,158761.02
CHEMFAB,552.67
CIFL,789.54
CIPLA,110943.2
CHENNPETRO,24218.95
CLEANMAX,16406.24
CHOLAHLDNG,28767.51
CLEDUCATE,325.24
CINEVISTA,82.48
COALINDIA,266229.86
CLSEL,1504.45
CINELINE,356.66
CNL,1631.26
CMSINFO,3644.48
CLEAN,9017.68
CMLL,3077.89
COFFEEDAY,675.79
COCHINSHIP,39998.8
COASTCORP,264.09
CONCOR,38396.97
COHANCE,17037.06
COFORGE,81202.31
COMFINTE,194.84
CONFIPET,2918.41
CORDELIA,7922.86
CORDSCABLE,469.41
COMPEAU,221.26
COROMANDEL,57786.02
CONCORDBIO,15198.64
CONTROLPR,916.39
COLPAL,49188.6
COMSYN,1206.14
CORALFINAC,132.51
CPEDU,337.62
CPCAP,244.76
CPPLUS,45298.42
COMPUSOFT,104.52
CREDITACC,22487.62
COSMOFIRST,2286.0
CRAMC,4787.02
CREATIVEYE,12.18
CREST,1010.33
CROWN,128.47
CRAFTSMAN,30995.62
CROMPTON,14810.04
CRIZAC,3144.44
CSLFINANCE,542.04
CUB,22436.38
CRISIL,34529.8
CUBEXTUB,110.54
CSM,490.03
CYIENTDLM,7327.71
CUPID,37307.61
CSBBANK,5213.13
CYIENT,11205.5
CURAA,75.12
DABUR,66780.61
DANGEE,43.42
DALMIASUG,3492.53
DAMCAPITAL,1009.25
CUMMINSIND,142896.6
DALBHARAT,32764.31
DBL,6623.69
DBREALTY,5434.37
DBOL,791.96
DATAMATICS,4612.96
DCAL,2625.96
DBEIL,331.19
DBCORP,3380.96
DCI,450.34
DCMNVL,327.23
DATAPATTNS,26744.66
DCBBANK,7315.34
DAVANGERE,323.92
DCMSRIND,363.28
DCMSIL,629.48
DCMFINSERV,11.55
DDEVPLSTIK,2649.0
DCMSHRIRAM,15601.62
DCW,1389.0
DECNGOLD,4539.53
DEEDEV,4916.52
DCXINDIA,1866.39
DEEPINDS,5009.92
DECCANCE,800.88
DELTACORP,1455.07
DEEPAKFERT,16877.35
DELTAMAGNT,61.66
DEN,1289.65
DENORA,425.78
DEEPAKNTR,22447.57
DEEPA,1884.42
DEVIT,135.1
DELHIVERY,33545.91
DHANBANK,1212.91
DEVYANI,16758.12
DEVX,312.19
DENTA,767.49
DHAMPURSUG,1069.61
DHUNINV,604.54
DHANUKA,4367.34
DHARMAJ,912.53
DIGIDRIVE,67.37
DIGJAMLMTD,123.68
DGCONTENT,139.78
DIGISPICE,344.82
DIGITIDE,1316.96
DHRUV,43.22
DICIND,551.89
DIAMINESQ,259.52
DHOOTTRANS,32146.77
DIVGIITTS,3582.18
DISHTV,440.06
DJML,293.72
DIVISLAB,250562.52
DIAMONDYD,2669.63
DHATRE,45.11
DIFFNKG,1669.01
DMART,240678.77
DIXON,82082.56
DMCC,728.12
DLF,162343.31
DODLA,6576.33
DOLATALGO,1227.95
DNAMEDIA,29.19
DLINKINDIA,1540.2
DOLLAR,1541.54
DOLPHIN,2616.3
DOLLEX,148.21
DRCSYSTEMS,185.29
DOMS,13142.67
DPABHUSHAN,3125.83
DREDGECORP,2885.96
DREAMFOLKS,357.55
DSSL,1314.72
DRREDDY,95210.56
DUCON,57.84
DONEAR,443.09
EBGNG,7729.41
DWARKESH,848.31
DYCL,2203.17
DYNPRO,294.61
DYNAMATECH,7839.36
DVL,998.56
ECLERX,17482.96
EICHERMOT,211299.36
ECOSMOBLTY,670.38
EIEL,3715.09
EFCIL,2781.98
EIHOTEL,17826.01
EASEMYTRIP,2105.74
EIDPARRY,13061.06
EKC,1148.89
EIMCOELECO,1321.77
EIHAHOTELS,1776.6
EDELWEISS,12942.87
ELGIEQUIP,19595.41
ELECTHERM,1201.65
ELDEHSG,768.55
ELECON,9436.02
ELANTAS,10620.72
ELECTCAST,4936.82
ELIN,460.41
ELGIRUBCO,299.65
ELLEN,5263.94
ELPROINTL,2944.87
EMAMILTD,16187.6
EMAMIREAL,376.26
EMIL,7380.25
EMCURE,37234.17
EMBDL,8006.59
EMMVEE,23723.2
EMPOWER,254.87
EMSLIMITED,2173.48
EMKAY,689.68
EMUDHRA,4084.95
ENRIN,113214.27
ENTERO,7803.25
ENIL,485.0
EPIGRAL,4960.39
EPACKPEB,2405.38
EQUITASBNK,8309.79
EPACK,1811.35
ERIS,18800.21
EPL,7855.3
ESSARSHPNG,334.69
ESABINDIA,8964.89
ENGINERSIN,15290.36
ESSENTIA,186.06
ESCORTS,32550.5
ENDURANCE,38202.62
ETERNAL,296505.72
EUREKAFORB,7694.16
EUROPRATIK,2532.01
ENERGYDEV,71.82
ESDS,18545.12
EVEREADY,2661.81
EXCELINDUS,1247.77
ETHOSLTD,7190.86
EUROBOND,367.5
EXICOM,2457.96
EXIDEIND,35772.25
EXPLEOSOL,1371.63
EXCELSOFT,921.59
FABTECH,655.29
ESTER,944.29
EXXARO,285.0
FAZE3Q,1180.54
FCL,6836.78
FCSSOFT,241.05
FACT,51115.45
FDC,5622.65
FEDDERSHOL,975.26
FIBERWEB,77.68
FEDERALBNK,85464.55
FILATEX,3385.95
FIEMIND,5229.19
FINCABLES,21692.92
FIRSTCRY,8315.98
FINKURVE,935.18
FINOPB,1164.64
FILATFASH,150.01
FINPIPE,9712.47
FORCEMOT,23947.86
FMGOETZE,2467.56
FIVESTAR,15664.18
FMNL,61.09
FINEORG,15808.28
FISCHER,2388.58
FRONTSP,1482.85
FOODSIN,417.44
FRACTAL,13183.71
FEDFINA,5959.58
FOSECOIND,4691.74
FSL,17356.6
GAEL,7558.89
FORTIS,68131.2
GALAXYSURF,8219.82
FLUOROCHEM,52577.5
GAIL,114728.57
GABRIEL,23725.78
GALLANTT,13348.87
GANDHAR,2655.47
GANECOS,2803.68
FUSION,3083.61
GANGESSECU,115.66
GANESHCP,674.82
GANGAFORGE,53.92
GALAPREC,1330.32
GARUDA,1668.15
GARFIBRES,7660.51
GANESHHOU,6445.41
GANDHITUBE,1014.76
GAYAPROJ,1151.46
GCSL,1391.87
GAYAHWS,45.53
GATEWAY,2680.59
GEMAROMA,862.38
GEEKAYWIRE,299.14
GENCON,238.83
GENUSPAPER,311.12
GESHIP,19901.48
GENUSPOWER,9021.27
GFLLIMITED,641.67
GENESYS,2003.73
GICL,272.39
GEOJITFSL,2218.18
GHCLTEXTIL,1266.89
GICHSGFIN,733.02
GHCL,3892.99
GICRE,60298.73
GILLANDERS,218.48
FLAIR,2514.1
GKSL,1365.72
GFSTEELS,60.74
GKENERGY,2596.26
GILLETTE,24065.81
GIPCL,3124.5
GLAND,48614.02
GLFL,14.27
GLENMARK,68157.26
GKWLIMITED,928.57
GLOBAL,628.94
GLOBALE,11.52
GLOBECIVIL,266.05
GLAXO,48126.56
GLOBUSSPR,2635.04
GKB,32.81
GLOTTIS,542.78
GLOBE,83.33
GMBREW,2084.78
GOCLCORP,2142.52
GODREJCP,89017.3
GOODLUCK,5164.27
GPPL,7847.8
GOODYEAR,1671.63
GRANDOAK,1913.64
GRAVISSHO,250.98
GTLINFRA,1485.89
GRAVITA,12372.81
GTL,113.25
HARDWYN,623.63
HARSHA,4071.49
HARIOMPIPE,1120.4
HDBFS,56144.37
HILTON,94.08
HLVLTD,420.61
HYUNDAI,179165.31
IBULLSLTD,5580.59
IGIL,13448.81
IGL,21484.43
IGARASHI,1285.13
IGCL,457.74
IRMENERGY,1154.8
IOC,190551.99
INDOKEM,1730.33
IRB,24047.3
JAIPURKURT,43.21
JAINREC,10057.53
JINDALPOLY,2965.65
JUSTDIAL,5687.65
JUNIPER,5059.48
JUBLFOOD,31160.62
KEEPLEARN,29.43
KECL,839.21
KHANDSE,25.89
KANCHI,175.38
KIRLFER,7690.3
KAMOPAINTS,141.14
KHAICHEM,510.94
KEYFINSERV,135.24
KDDL,4786.14
KARURVYSYA,32412.35
KCP,2091.23
KANSAINER,15456.57
KISSHT,5919.02
KFINTECH,15541.2
KANANIIND,29.88
KJMCFIN,29.47
KANPRPLA,616.14
KARMAENG,43.83
KINGFA,8439.12
KMEW,7395.22
KNAGRI,487.53
KMSUGAR,276.92
KITEX,2506.72
KAYNES,23521.15
KNRCON,3478.31
KPITTECH,14998.36
KOLTEPATIL,4000.8
KOTAKBANK,414369.6
KSHITIJPOL,30.53
KSOLVES,614.6
KRIDHANINF,19.82
KREBSBIO,132.53
KPIL,24454.63
KSB,13996.23
KRBL,9687.76
KRISHIVAL,1071.65
LADDERUP,65.66
KWIL,9757.85
KROSS,1493.65
LANDSMILL,80.41
LAOPALA,1802.64
KSL,4236.78
KUANTUM,658.75
LAHOTIOV,120.01
LAL,153.56
LEXUS,27.16
LFIC,43.6
LGEINDIA,111997.44
JYOTIRES,1051.08
LANCER,477.0
LAXMIDENTL,1114.68
LGHL,949.2
LATTEYS,123.79
LAXMIINDIA,670.0
LICI,256541.91
LINCOLN,1270.69
LINDEINDIA,53110.75
LGBBROSLTD,5471.59
LLOYDSENGG,12481.69
LLOYDSME,102070.65
LTTS,35828.91
LMW,18817.04
LUMAXTECH,13240.32
LUXIND,3335.55
M&M,375094.12
LPDC,82.36
LTF,78013.2
LOVABLE,106.34
LIBAS,28.16
LUPIN,95010.7
LORDSCHLO,398.52
LTM,129672.14
LOKESHMACH,756.89
LODHA,116249.63
LOYALTEX,104.81
LXCHEM,4742.06
LLOYDSENT,10687.39
LTFOODS,15331.22
LUMINO,3287.05
LT,544155.04
LOTUSEYE,237.28
MAANALU,664.57
LUMAXIND,5478.71
LOTUSCHO,766.74
MADHAVIPL,213.51
MADRASFERT,1008.49
M&MFIN,49922.25
MADHAV,33.01
MACPOWER,1871.18
MAHABANK,64878.26
MAFATIND,886.72
MAHAPEXLTD,158.48
MAGNUM,130.67
MAHEPC,288.21
MAHLOG,3972.09
MAHSCOOTER,14969.14
MAITHANALL,3073.02
MAHSEAMLES,9633.88
MAGADSUGAR,781.59
MAHLIFE,7681.56
MANAKCOAT,1326.21
MANORG,392.94
MAKERSL,105.01
MALUPAPER,60.09
MALLCOM,609.21
MANORAMA,13161.02
MANINFRA,5193.57
MANALIPETC,1483.84
MANBA,660.55
MANCREDIT,461.51
MANAPPURAM,31073.24
MANGLMCEM,2823.15
MANAKALUCO,247.0
MAMATA,1007.57
MANOMAY,423.89
MANINDS,6574.21
MANAKSIA,462.08
MANIPALHOS,96450.03
MANYAVAR,14010.07
MARICO,104227.56
MANGALAM,55.21
MANKIND,92456.01
MARKSANS,14972.53
MAPMYINDIA,5146.99
MARKOLINES,377.83
MARATHON,2957.44
MARINE,5721.63
MARALOVER,260.05
MARSONS,2157.79
MASKINVEST,45.35
MASFIN,5342.89
MASTERTR,1136.05
MAXHEALTH,101088.0
MARUTI,395832.84
MAXIND,828.54
MBEL,1482.46
MAXESTATES,9155.55
MASTEK,4992.03
MAZDOCK,96133.52
MAWANASUG,530.82
MATRIMONY,1055.58
MCL,162.48
MAYURUNIQ,3287.41
MBLINFRA,360.55
MCLEODRUSS,460.13
MEDIASSIST,2413.24
MBAPL,7062.73
MCLOUD,1530.99
MEGASTAR,321.81
MCX,83989.65
MEDPLUS,7902.37
MEIL,774.2
MEESHO,100809.98
MERCURYEV,790.48
MEDANTA,39222.2
MEDICAPQ,43.92
MEDICO,293.93
METROGLOBL,173.88
METROPOLIS,12356.99
METROBRAND,25953.55
MEDICAMEQ,417.06
MIDWESTLTD,3852.93
MGL,10873.46
MGEL,528.28
MFML,20.11
MINDTECK,511.27
MHRIL,3964.36
MIIL,1492.86
MIRZAINT,425.8
MITTAL,36.84
MINDACORP,16548.23
MFSL,50804.78
MMWL,1571.11
MMFL,3109.82
MMP,1137.53
MMTC,9334.5
MITCON,142.22
MIDHANI,8680.4
MOL,1590.74
MKPL,151.27
MILKYMIST,21465.54
MONEYBOXX,259.34
MODINATUR,472.78
MOBIKWIK,1533.04
MODTHREAD,179.51
MOSCHIP,4027.37
MKEXIM,265.33
MONARCH,2941.94
MOLDTKPAC,2277.68
MODIRUBBER,313.98
MODIS,732.42
MODISONLTD,1670.53
MOHITIND,33.34
MOHITE,55.27
MONTECARLO,1152.81
MOKSH,85.26
MOIL,5090.79
MOTHERSON,171869.69
MOREPENLAB,6316.81
MOTOGENFIN,104.84
MOTISONS,1821.15
MPSLTD,4593.41
MOTILALOFS,61135.81
MOLBIO,17394.33
MSL,163.6
MUNJALAU,1091.7
MTNL,1581.3
MSUMI,24099.46
MUKKA,917.1
MUFTI,484.5
MUFIN,2679.55
MRF,54401.14
MRPL,31778.12
MSPL,1949.78
MSTCLTD,5192.35
MPHASIS,43729.54
MUKANDLTD,2060.07
MVGJL,1019.84
MUKESHB,92.36
NAM-INDIA,75814.12
NAHARCAP,430.21
NAHARSPING,976.65
NATCOPHARM,14930.54
MURUDCERA,181.64
NAGREEKEXP,69.78
NAGREEKCAP,28.85
NATIONALUM,68570.65
NARMADA,106.6
MUTHOOTCAP,382.31
MUTHOOTMF,3290.41
MVELECTRO,2279.34
NAHARPOLY,574.79
NATHBIOGEN,290.23
NAHARINDUS,578.48
MUNJALSHOW,508.22
NACLIND,3735.95
NATIONSTD,231.78
MUTHOOTFIN,114077.27
MWL,1174.96
NAVA,15818.76
NAZARA,14412.64
NAVINFLUOR,44640.62
NAVKARCORP,1412.62
NDGL,271.6
NBCC,22663.8
NAVNETEDUL,2824.67
NCC,8987.62
NDL,418.03
NAUKRI,81938.8
NDLVENTURE,425.81
NDRAUTO,1675.23
NECLIFE,231.75
NEPHROPLUS,7514.27
NBIFIN,593.92
NETWEB,29803.2
NCLIND,805.64
NESTLEIND,267302.92
NELCAST,959.68
NDTV,815.61
NETWORK18,4143.86
NGLFINE,1683.94
NEOGEN,6541.21
NELCO,2139.34
NH,38785.97
NEULANDLAB,30535.14
NESCO,7688.59
NIITMTS,3095.86
NEWGEN,7169.49
NIITLTD,1288.97
NEXTMEDIA,26.02
NIBE,2012.44
NILAINFRA,265.09
NHPC,76693.84
NIBL,74.1
NILASPACES,478.18
NIMBSPROJ,304.39
NGIL,61.78
NFL,3407.07
NIACL,32523.28
NICCOPAR,374.49
NINSYS,1316.02
NIPPOBATRY,241.84
NIRAJ,165.71
NILE,437.38
NITCO,2405.28
NIRLON,5587.77
NIVABUPA,14689.88
NITTAGELA,1502.06
NITIRAJ,236.96
NILKAMAL,3110.34
NOIDATOLL,74.29
NOCIL,3262.16
NKIND,34.02
NLCINDIA,37494.65
NITINSPIN,3651.49
NMDC,74378.78
NORBTEAEXP,99.7
NOVARTIND,5995.42
NPST,3585.39
NORTHARC,4997.1
NUVOCO,11832.58
NRAIL,1013.15
OAL,1765.8
NSLNISP,12853.64
NTPCGREEN,73915.76
NTPC,324838.32
NUCLEUS,1845.54
NUVAMA,32424.31
ODIGMA,69.8
NSIL,2878.31
NRBBEARING,5000.72
NYKAA,97977.94
OFSS,102104.97
OLAELEC,17299.14
OMNI,6966.72
OBEROIRLTY,65157.52
OLECTRA,9904.68
OIL,81379.19
OBCL,117.83
OMINFRAL,778.13
OMAXAUTO,378.31
OMAXE,2248.3
ONGC,298492.29
ONWARDTEC,633.29
ONEGLOBAL,1067.05
ONIDA,1218.7
ONESOURCE,17681.41
ONEPOINT,1518.2
ODYCORP,57.4
ORICONENT,816.02
OPTIEMUS,5028.13
ORCHPHARMA,5153.57
ORIENTALTL,37.42
ORCHASP,49.89
ORIENTELEC,3705.31
ORIENTPPR,383.21
ORIENTBELL,606.07
OPTIFIN,108.87
ORIENTCER,558.48
ONIXSOLAR,1693.71
ORKLAINDIA,7924.83
OSWALAGRO,462.03
ORIENTCEM,2590.03
ORISSAMINE,2444.7
ORIENTHOT,2497.0
ORIENTTECH,1078.09
OSWALSEEDS,134.92
OSWALGREEN,508.23
ORTINGLOBE,13.25
OSWALPUMPS,3233.18
PALREDTEC,65.18
PANAMAPET,2974.17
PANSARI,511.19
PAGEIND,39875.1
PALASHSECU,88.02
ORIRAIL,820.13
PANACEABIO,2380.51
PARACABLES,2149.64
PACEDIGITK,3432.04
PAKKA,363.61
PARASPETRO,71.86
PAISALO,7592.01
PARAGMILK,3350.58
PAUSHAKLTD,1809.94
PARADEEP,16316.19
PARKHOSPS,12128.62
PACIFICI,94.99
PARKHOTELS,2381.9
PAYTM,111493.05
PASHUPATI,1266.51
PCJEWELLER,13487.2
PATELENG,2566.21
PCBL,13173.13
PDMJEPAPER,937.82
PATANJALI,36960.71
PARAS,11711.76
PENIND,2402.89
PATELRMART,707.76
PEARLPOLY,26.3
PAVNAIND,210.41
PDSL,4917.89
PENINLAND,508.21
PFC,116427.59
PBMPOLY,41.27
PERSISTENT,86075.49
PFS,1764.35
PFIZER,18735.53
PETRONET,43305.0
PGEL,15528.12
PGIL,10985.96
PGHH,24610.11
PFOCUS,24418.45
PHOENIXLTD,67601.12
PIDILITIND,159705.32
PICCADIL,5919.22
PINELABS,19981.36
PIRAMALFIN,54208.79
PIGL,220.39
PIIND,35878.5
PILANIINVS,4689.98
PIONEEREMB,62.93
PLAZACABLE,264.74
PGHL,9005.99
PIXTRANS,2354.84
PLATIND,1252.21
PHOENXINTL,50.62
PLASTIBLEN,504.58
PILITA,185.18
PKTEA,338.75
PML,150.11
PITTIENG,4324.06
PNBGILTS,1446.56
PNGSREVA,1599.82
PNBHOUSING,30748.78
PNC,23.9
PNCINFRA,4551.26
PNB,134295.04
PNGJL,8994.81
POKARNA,2419.71
POLICYBZR,83177.98
POLYCAB,125900.78
PODDARMENT,317.66
POLYMED,17714.94
PONNIERODE,312.51
POWERICA,7287.49
POONAWALLA,39361.46
POWERGRID,252743.91
POLYPLEX,3667.15
POCL,3490.11
POWERMECH,7522.78
PRAKASHSTL,66.33
PPLPHARMA,28155.32
PRAJIND,6007.93
PRAENG,155.26
PRAKASH,2216.67
PRABHA,3543.59
POWERINDIA,139043.49
POEL,433.85
PRAXIS,87.52
PRECAM,1121.31
PRECWIRE,8494.17
PRAVEG,696.65
PRECOT,804.9
PREMEXPLN,3587.67
PREMIERENE,43695.51
PREMIERPOL,921.63
PRESTIGE,66487.52
PRINCEPIPE,3095.2
PROSTARM,793.51
PRIVISCL,13654.76
PROZONER,798.11
PROTEAN,2001.61
PRICOLLTD,9014.36
PSPPROJECT,3429.21
PRIMO,525.88
PRSMJOHNSN,5799.67
PSB,16036.02
PTCIL,33560.82
PRUDENT,13742.05
PRIMESECU,939.85
PUNJABCHEM,1338.79
PURVA,5078.8
PVP,1721.27
PTL,505.28
PTC,4549.35
QUADFUTURE,1743.2
QUICKHEAL,800.43
QPOWER,11292.9
PWL,36763.11
QUESS,5304.69
RACE,166.41
PVRINOX,11993.16
PVSL,715.76
PYRAMID,570.13
RACLGEAR,1875.49
RADICO,59756.15
RADIANTCMS,400.47
RAINBOW,14812.73
RAJMET,90.13
RAJPALAYAM,692.53
RAIN,7308.12
RADAAN,15.54
RAILTEL,8431.05
RAJRATAN,2587.54
RADHIKAJWE,994.03
RADIOCITY,218.18
RALLIS,3948.89
RAMAPHO,437.27
RAJSREESUG,111.53
RAJTV,40.6
RAMCOIND,2775.02
RAMANEWS,483.85
RATNAVEER,2227.8
RAMCOCEM,20551.53
RATEGAIN,10260.98
RAMRAT,5010.51
RANEHOLDIN,2434.08
RANASUG,228.05
RAYMONDREL,3807.07
RATNAMANI,19786.97
RAYMOND,5682.49
RAYMONDLSL,4188.19
RBA,6894.34
RAMCOSYS,2295.65
REGAAL,882.97
REDTAPE,6360.6
RBLBANK,63678.44
RCF,6210.35
REDINGTON,30645.56
REFEX,3704.48
RELAXO,8137.8
RECLTD,82630.57
RELIABLE,140.3
RELTD,3079.3
RELIGARE,8830.45
RENUKA,5282.91
REPCOHOME,2213.42
RESPONIND,4520.08
REMSONSIND,337.78
RELIANCE,1724037.01
RELCHEMQ,85.76
REPRO,440.26
RETAIL,13.62
RHETAN,2013.7
RGL,1680.66
REGENCERAM,95.32
RHL,288.06
RITCO,869.35
RHIM,7820.21
RISHABH,3132.71
RIIL,1079.42
RICOAUTO,1762.9
RKDL,43.97
RIR,1411.46
RKEC,45.99
RKFORGE,13218.46
RKSWAMY,461.72
RMC,228.42
RITES,10131.13
ROUTE,3154.88
ROLEXRINGS,4542.3
ROHLTD,842.5
RAMKY,2324.35
ROML,63.15
ROTO,1229.24
RPOWER,9032.52
ROSSARI,2489.97
RML,3893.8
ROSSELLIND,211.48
ROSSTECH,4565.81
RTNPOWER,3893.33
RTNINDIA,3811.25
RPGLIFE,4602.31
RPTECH,5355.29
RRIL,193.58
RPEL,8006.49
RUBICON,29551.49
RRECL,331.49
RPPINFRA,312.54
RUBFILA,369.51
RSYSTEMS,2880.04
RRKABEL,27563.81
RUBYMILLS,1491.09
RUCHINFRA,134.06
RSL,1560.21
RTSPOWR,80.75
RUDRA,200.69
RSSOFTWARE,75.45
RVNL,42868.01
SAATVIKGL,5110.26
SAFARI,7357.44
RUSHIL,469.76
RVTH,233.85
RUPA,1117.2
RUCHIRA,329.91
RVHL,241.93
RUSTOMJEE,4424.97
SAGILITY,20789.78
S&SPOWER,422.82
RPSGVENT,2779.92
SAB,266.25
SAHYADRI,419.63
SADBHAV,138.29
SAGCEM,1965.06
SAGARDEEP,41.01
SAIL,75898.4
SAILIFE,33794.04
SAHLIBHFI,254.3
SAIPARENT,2308.59
SANDUMA,9563.63
SAKUMA,249.27
SAKSOFT,1887.71
SAMHI,3562.2
SAMMAANCAP,17203.88
SAKAR,2452.46
SAKHTISUG,228.39
SALZERELEC,972.82
SANSERA,25634.76
SANOFICONR,9432.04
SAPPHIRE,7210.92
SALONA,138.27
SAREGAMA,9696.83
SANDESH,772.91
SALSTEEL,1109.35
SAMBHV,3904.69
SALASAR,879.22
SANSTAR,2150.48
SANDHAR,3784.53
SANGHVIMOV,3758.7
SAMPANN,123.23
SAPPL,254.45
SANATHAN,4077.56
SAMBHAAV,111.23
SANGAMIND,2845.43
SANOFI,7153.31
SARLAPOLY,805.44
SATIA,685.7
SAYAJIHOTL,569.68
SATIN,2389.05
SBFC,10914.67
SAURASHCEM,617.42
SARVESHWAR,491.42
SBILIFE,170629.63
SBICARD,63407.98
SBCL,6405.59
SASKEN,2700.44
SAYAJIIND,293.22
SBC,2288.09
SBIN,932015.47
SARDAEN,18931.68
SCHAEFFLER,61586.77
SBIFUNDS,112229.2
SBGLP,389.15
SCHNEIDER,28570.54
SCI,13284.59
SCHAND,477.66
SECMARK,163.49
SENCO,5734.89
SCODATUBES,774.08
SEMAC,87.24
SEKURITIND,1024.3
SEAMECLTD,4523.38
SETL,8895.33
SEIL,3139.82
SFL,7621.85
SECURKLOUD,56.53
SEPC,1028.02
SEDEMAC,12878.79
SCILAL,1791.46
SDBL,1473.4
SENORES,6738.1
SGFIN,4428.14
SESHAPAPER,1557.53
SEJALLTD,787.87
SERVOTECH,1753.01
SHAKTIPUMP,6209.39
SGIL,935.21
SHAILY,15561.11
SGL,0.45
SHARDACROP,7049.38
SHAREINDIA,4295.98
SHADOWFAX,14967.5
SGMART,9661.23
SHALBY,1569.35
SHAH,351.3
SHANTIGOLD,1974.43
SGRL,810.89
SHARDAMOTR,5432.21
SHANKARA,359.88
SHANKESH,1446.94
SHANTI,6.89
SHILPAMED,18382.74
SHANTIGEAR,5567.13
SHILCTECH,4757.52
SHERVANI,80.02
SHIVALIK,579.27
SHILGRAVQ,103.56
SHBAJRG,143.55
SHREECEM,82209.98
SHOPERSTOP,4160.81
SHRADHA,252.63
SHIVAMAUTO,221.46
SHREDIGCEM,1021.94
SHK,1987.45
SHIVAMILLS,52.18
SHIPROCKET,9398.12
SHIVAUM,627.59
SHRIPISTON,20629.83
SHIVATEX,246.18
SHREEJISPG,11617.7
SHRIRAMFIN,244239.69
SHREERAMA,612.35
SHRJAGP,563.53
SHRIKRISH,104.69
SHREEPUSHK,1589.72
SHREYANIND,187.27
SHRIRAMPPS,1239.29
SHYAMTEL,13.16
SHYAMMETL,30229.05
SHRINGARMS,2090.55
SHUKRAPHAR,2378.93
SIEMENS,140824.29
SIGNPOST,1431.39
SIGACHI,1436.62
SIGNATURE,10865.88
SIGMA,462.18
SILGO,187.72
SICAGEN,218.59
SILVERTUC,1927.51
SIMPLEXINF,2022.86
SJVN,26408.22
SIL,116.44
SKFINDUS,14512.02
SKYGOLD,12859.18
SILINV,477.87
SINCLAIR,418.18
SINDHUTRAD,4386.72
SIYSIL,2481.74
SINTERCOM,219.73
SKIPPER,6582.31
SKFINDIA,7571.92
SMARTWORKS,6125.68
SOBHA,13216.28
SKYWAYS,1616.07
SMLMAH,9085.3
SMLT,84.11
SIRCA,2456.94
SKMEGGPROD,1307.06
SIS,5930.74
SOLARINDS,202426.25
SJS,7554.77
SMCGLOBAL,1793.3
SNOWMAN,604.64
SOFTTECH,602.13
SOLARWORLD,1221.91
SMSPHARMA,3909.5
SOLEX,761.85
SOLARA,3412.52
SOMANYCERA,2295.49
SONACOMS,50148.72
SOMATEX,287.01
SONATSOFTW,7199.42
SOMICONVEY,112.79
SOUTHBANK,12069.74
SPARC,6390.15
SPAL,2588.55
SONAL,132.76
SPLPETRO,15572.64
SOTL,4779.35
SRF,74664.68
STAR,11217.42
SPENCERS,258.14
SOUTHWEST,705.89
SPANDANA,2057.94
SPCENET,197.0
SPLIL,89.53
SRHHYPOLTD,887.59
STARTECK,243.0
STARHEALTH,33906.75
SPIC,1411.23
SRD,246.27
SREEL,857.43
SRGHFL,306.3
SSWL,5875.42
STARCEMENT,7868.58
SPORTKING,2746.88
SRM,1027.41
STARPAPER,266.79
SRTL,149.47
SSDL,268.65
STANLEY,785.08
SPMLINFRA,1455.79
STCINDIA,679.5
STEELXIND,1552.31
STEELCAS,3274.33
STEELCITY,138.08
STYL,6244.09
STYRENIX,3770.71
STLSTRINF,15.27
SUBROS,4648.7
STLNETWORK,1701.55
STYLAMIND,5614.36
STOVEKRAFT,2781.18
STEL,1089.24
SUBEXLTD,1096.39
SUDARSCHEM,10116.53
SUDARCOLOR,879.19
STYLEBAAZA,2960.58
SUNDARMFIN,51835.32
SUMICHEM,24003.92
SUDEEPPHRM,13706.32
STUDDS,1646.55
SUKHJITS,499.87
SUNPHARMA,446516.24
SUNTECK,4255.48
SUMIT,234.17
SUNCLAY,2855.42
SUPRIYA,7383.89
SULA,1167.74
SUNFLAG,6224.78
SUPREMEIND,44605.71
SUPREME,134.64
SUNDRMFAST,26394.22
SUMEETINDS,760.75
SUPRAJIT,6863.08
SUNDARAM,56.87
SUNTV,17952.52
SUNDROP,2522.49
SUNSHINE,1587.65
SUMMITSEC,1574.81
SURAJEST,848.64
SUPREMEINF,865.14
SURANASOL,126.12
SURYAROSNI,4702.02
SURANAT&P,217.89
SURAJLTD,368.49
SUPERHOUSE,189.27
SURYODAY,1605.72
SWANCORP,9345.72
SURYALAXMI,109.3
SUYOG,784.34
SUZLON,60783.85
SUVIDHAA,51.28
SUVEN,10192.04
SWSOLAR,4265.63
TANLA,6653.38
SYRMA,30796.88
SYMBIOTEC,7318.45
SWIGGY,73098.05
SVPGLOB,43.26
SYMPHONY,4168.01
SWARAJENG,4314.42
SYNGENE,15456.12
SWELECTES,882.69
TAINWALCHM,196.66
SURAKSHA,1707.47
SYNCOMF,1810.44
TATAELXSI,21237.92
TARIL,8703.31
TAJGVK,2148.15
TATACHEM,15554.14
TAKE,245.37
TALBROAUTO,2593.82
TATACAP,153129.19
TATACOMM,50300.51
TATAINVEST,32641.56
TARC,3793.76
TATASTEEL,232995.27
TATAPOWER,117268.96
TARACHAND,372.37
TATACONSUM,98929.41
TBOTEK,17850.01
TARAPUR,24.84
TARMAT,152.04
TARSONS,1690.1
TDPOWERSYS,23832.65
TATATECH,31633.47
TBZ,3344.87
TCS,797462.71
TATVA,3881.21
TASTYBITE,2617.58
TECHM,135170.34
TCPLPACK,3501.69
TCI,6583.66
TEAMLEASE,1916.13
TCIEXP,2056.95
TECHNOE,11372.35
TEAMGTY,211.63
TENNIND,20957.15
TEGA,12933.98
TEJASNET,9770.34
TEXRAIL,4791.64
TECHNVISN,3017.02
TECHNOCRAF,1740.3
TECILCHEM,17.88
TEMBO,1105.57
TERAI,86.58
TERASOFT,317.24
THAKDEV,125.09
TGVSL,1150.68
TEXMOPIPES,164.78
THANGAMAYL,15794.33
THELEELA,18506.28
THERMAX,41064.95
THOMASCOOK,5048.91
THACKER,113.67
TEXINFRA,1455.34
TGBHOTELS,28.88
TFL,66.75
TI,13281.13
TFCILTD,6628.45
THEMISMED,1226.71
THYROCARE,8876.45
TIINDIA,51335.38
THEINVEST,508.53
TIMETECHNO,9125.84
TITAGARH,11571.17
TIGERLOGS,293.18
TIPSMUSIC,8416.4
THOMASCOTT,362.28
TIMKEN,24801.12
TIIL,7158.03
TIPSFILMS,141.53
TNTELE,40.84
TREL,661.9
TPLPLASTEH,531.98
TTML,7020.15
TRUALT,3598.61
TRIGYN,175.57
TRU,50.87
UDS,1445.74
UPL,48629.2
UTLSOLAR,13542.04
V2RETAIL,7953.84
VARROC,13513.57
VAML,170631.12
VEDPOWER,13258.51
URBANCO,24232.12
VEDAVAAG,52.11
VBL,138850.18
VEDL,105058.69
USHAMART,15090.64
VAIBHAVGBL,3621.71
UTKARSHBNK,2633.7
UNIVCABLES,5401.72
UTIAMC,11844.25
VGL,297.73
VASCONEQ,698.57
VARDMNPOLY,286.91
VENTIVE,13307.2
VADILENT,897.17
VERANDA,2224.57
URJA,501.49
VAISHALI,111.81
VADILALIND,5215.85
VHL,1098.85
VEEDOL,2443.35
VESUVIUS,8445.2
VIDHIING,1692.64
UTTAMSUGAR,1077.02
USK,113.81
VENKEYS,2404.29
VGCL,113.21
VIDYAWIRES,1918.7
VENUSPIPES,4037.78
VGUARD,14362.79
VAKRANGEE,592.51
VIJAYA,15437.3
VASWANI,153.15
VERTOZ,335.98
VIKRAMSOLR,6000.95
VIKASECO,145.78
VIPIND,4283.63
VIKASLIFE,228.49
VISACHROME,508.81
VINNY,46.52
VINYLINDIA,406.41
VIKRAN,1486.6
VISHAL,449.91
VIMTALABS,2837.4
VITAL,134.03
VINDHYATEL,3339.93
VINATIORGA,13614.92
VIYASH,11462.62
VIPCLOTHNG,191.62
VMM,48440.92
VIRAT,654.06
VMART,6507.68
VISAKAIND,794.15
VOLTAMP,11051.94
VISHNU,4872.28
VIVIANA,772.41
VIVOBIOT,37.7
VMSTMT,218.82
VISL,13048.96
VIRINCHI,159.59
VIVIDHA,14.93
VOLTAS,38333.0
VPRPL,464.52
VINCOFE,2577.66
VLEGOV,107.04
VINEETLAB,68.74
VLSFINANCE,767.77
VRLLOG,5052.18
VOEPL,1821.64
VRAJ,416.6
VOGL,14199.41
VISHWARAJ,122.42
VSSL,3790.08
WAAREEENER,73293.56
VTL,16662.23
WAAREERTL,8703.66
WAKEFIT,5055.6
WABAG,13821.89
VTMLTD,530.2
VSTL,227.87
WAAREEINDO,1074.42
WATERBASE,192.84
VSTIND,3500.4
WEBELSOLAR,3273.16
VSTTILLERS,3531.45
WELENT,10821.3
WANBURY,844.28
WELCORP,73227.94
WALCHANNAG,1418.66
WCIL,860.71
WEWORK,9400.82
WELSPUNLIV,19956.66
WEALTH,894.27
WILLAMAGOR,26.83
WESTLIFE,8722.35
WEWIN,43.68
WENDT,1733.9
WIPRO,164521.09
WEL,994.34
WEIZMANIND,110.89
WINDLAS,2330.66
WINDMACHIN,3092.4
WHIRLPOOL,10098.42
WHEELS,5651.36
WOCKPHARMA,36083.01
WORTHPERI,236.2
WHBRADY,122.53
XELPMOC,112.96
WSTCSTPAPR,4690.13
WIPL,139.66
WSI,446.49
YESBANK,69996.23
YATHARTH,9415.75
WONDERLA,3291.96
XPROINDIA,2970.18
ZEEL,7775.4
XTRANET,1493.23
XCHANGING,708.75
YASHO,4772.67
ZAGGLE,2477.85
ZENSARTECH,9693.41
ZFCVINDIA,28774.58
YATRA,1788.53
ZENTEC,15738.97
XTGLOBAL,402.91
YUKEN,1474.81
ZEEMEDIA,502.71
ZYDUSLIFE,111500.98
ZFSTEERING,674.51
ZOTA,3335.08
ZIMLAB,732.06
ZYDUSWELL,18017.44
ZENITHSTL,85.23
ZUARI,938.06
ZENITHEXPO,110.61
ZUARIIND,808.56
ZODIACLOTH,193.36
